zip,result_count,nearby_result_count,teletherapy_count,resolved_postal_code,resolved_region,zip_mismatch,http_status,url,error
22102,246,0,0,22102,Virginia,False,(cached),(cached),
22030,963,0,0,22030,Virginia,False,(cached),(cached),
22201,638,0,0,22201,Virginia,False,(cached),(cached),
20120,91,0,0,20120,Virginia,False,(cached),(cached),
22310,108,0,0,22310,Virginia,False,(cached),(cached),
20101,8,1273,0,20101,Virginia,False,200,https://www.psychologytoday.com/us/therapists?search=20101,
20102,2,2151,0,20102,Virginia,False,200,https://www.psychologytoday.com/us/therapists?search=20102,
20103,6,2147,0,20103,Virginia,False,200,https://www.psychologytoday.com/us/therapists?search=20103,
20104,4,2149,0,20104,Virginia,False,200,https://www.psychologytoday.com/us/therapists?search=20104,
20105,63,0,0,20105,Virginia,False,200,https://www.psychologytoday.com/us/therapists?search=20105,
20106,1,920,0,20106,Virginia,False,200,https://www.psychologytoday.com/us/therapists?search=20106,
20107,1,7719,0,20107,Virginia,False,200,https://www.psychologytoday.com/us/therapists?search=20107,
20108,37,0,0,20108,Virginia,False,200,https://www.psychologytoday.com/us/therapists?search=20108,
20109,113,0,0,20109,Virginia,False,200,https://www.psychologytoday.com/us/therapists?search=20109,
20110,208,0,0,20110,Virginia,False,200,https://www.psychologytoday.com/us/therapists?search=20110,
20111,55,0,0,20111,Virginia,False,200,https://www.psychologytoday.com/us/therapists?search=20111,
20112,23,0,0,20112,Virginia,False,200,https://www.psychologytoday.com/us/therapists?search=20112,
20113,2,7865,0,20113,Virginia,False,200,https://www.psychologytoday.com/us/therapists?search=20113,
20114,,,,,,False,404,https://www.psychologytoday.com/us/therapists?search=20114,Request error: 404 Client Error: Not Found for url: https://www.psychologytoday.com/us/therapists?search=20114
20115,6,3066,0,20115,Virginia,False,200,https://www.psychologytoday.com/us/therapists?search=20115,
20116,0,2325,0,20116,Virginia,False,200,https://www.psychologytoday.com/us/therapists?search=20116,
20117,37,0,0,20117,Virginia,False,200,https://www.psychologytoday.com/us/therapists?search=20117,
20118,9,4638,0,20118,Virginia,False,200,https://www.psychologytoday.com/us/therapists?search=20118,
20119,1,5274,0,20119,Virginia,False,200,https://www.psychologytoday.com/us/therapists?search=20119,
20121,57,0,0,20121,Virginia,False,200,https://www.psychologytoday.com/us/therapists?search=20121,
20122,8,7843,0,20122,Virginia,False,200,https://www.psychologytoday.com/us/therapists?search=20122,
20123,,,,,,False,404,https://www.psychologytoday.com/us/therapists?search=20123,Request error: 404 Client Error: Not Found for url: https://www.psychologytoday.com/us/therapists?search=20123
20124,31,0,0,20124,Virginia,False,200,https://www.psychologytoday.com/us/therapists?search=20124,
20125,,,,,,False,404,https://www.psychologytoday.com/us/therapists?search=20125,Request error: 404 Client Error: Not Found for url: https://www.psychologytoday.com/us/therapists?search=20125
20126,,,,,,False,404,https://www.psychologytoday.com/us/therapists?search=20126,Request error: 404 Client Error: Not Found for url: https://www.psychologytoday.com/us/therapists?search=20126
20127,,,,,,False,404,https://www.psychologytoday.com/us/therapists?search=20127,Request error: 404 Client Error: Not Found for url: https://www.psychologytoday.com/us/therapists?search=20127
20128,0,1389,0,20128,Virginia,False,200,https://www.psychologytoday.com/us/therapists?search=20128,
20129,18,4702,0,20129,Virginia,False,200,https://www.psychologytoday.com/us/therapists?search=20129,
20130,0,2312,0,20130,Virginia,False,200,https://www.psychologytoday.com/us/therapists?search=20130,
20131,1,4425,0,20131,Virginia,False,200,https://www.psychologytoday.com/us/therapists?search=20131,
20132,95,0,0,20132,Virginia,False,200,https://www.psychologytoday.com/us/therapists?search=20132,
20133,,,,,,False,404,https://www.psychologytoday.com/us/therapists?search=20133,Request error: 404 Client Error: Not Found for url: https://www.psychologytoday.com/us/therapists?search=20133
20134,6,4230,0,20134,Virginia,False,200,https://www.psychologytoday.com/us/therapists?search=20134,
20135,2,2738,0,20135,Virginia,False,200,https://www.psychologytoday.com/us/therapists?search=20135,
20136,51,0,0,20136,Virginia,False,200,https://www.psychologytoday.com/us/therapists?search=20136,
20137,1,5826,0,20137,Virginia,False,200,https://www.psychologytoday.com/us/therapists?search=20137,
20138,0,4794,0,20138,Virginia,False,200,https://www.psychologytoday.com/us/therapists?search=20138,
20139,0,4729,0,20139,Virginia,False,200,https://www.psychologytoday.com/us/therapists?search=20139,
20140,0,3369,0,20140,Virginia,False,200,https://www.psychologytoday.com/us/therapists?search=20140,
20141,17,3253,0,20141,Virginia,False,200,https://www.psychologytoday.com/us/therapists?search=20141,
20142,1,3102,0,20142,Virginia,False,200,https://www.psychologytoday.com/us/therapists?search=20142,
20143,11,7839,0,20143,Virginia,False,200,https://www.psychologytoday.com/us/therapists?search=20143,
20144,0,2592,0,20144,Virginia,False,200,https://www.psychologytoday.com/us/therapists?search=20144,
20145,,,,,,False,404,https://www.psychologytoday.com/us/therapists?search=20145,Request error: 404 Client Error: Not Found for url: https://www.psychologytoday.com/us/therapists?search=20145
20146,58,0,0,20146,Virginia,False,200,https://www.psychologytoday.com/us/therapists?search=20146,
20147,445,0,0,20147,Virginia,False,200,https://www.psychologytoday.com/us/therapists?search=20147,
20148,171,0,0,20148,Virginia,False,200,https://www.psychologytoday.com/us/therapists?search=20148,
20149,8,7663,0,20149,Virginia,False,200,https://www.psychologytoday.com/us/therapists?search=20149,
20150,,,,,,False,404,https://www.psychologytoday.com/us/therapists?search=20150,Request error: 404 Client Error: Not Found for url: https://www.psychologytoday.com/us/therapists?search=20150
20151,247,0,0,20151,Virginia,False,200,https://www.psychologytoday.com/us/therapists?search=20151,
20152,111,0,0,20152,Virginia,False,200,https://www.psychologytoday.com/us/therapists?search=20152,
20153,32,0,0,20153,Virginia,False,200,https://www.psychologytoday.com/us/therapists?search=20153,
20154,,,,,,False,404,https://www.psychologytoday.com/us/therapists?search=20154,Request error: 404 Client Error: Not Found for url: https://www.psychologytoday.com/us/therapists?search=20154
20155,139,0,0,20155,Virginia,False,200,https://www.psychologytoday.com/us/therapists?search=20155,
20156,8,6957,0,20156,Virginia,False,200,https://www.psychologytoday.com/us/therapists?search=20156,
20157,,,,,,False,404,https://www.psychologytoday.com/us/therapists?search=20157,Request error: 404 Client Error: Not Found for url: https://www.psychologytoday.com/us/therapists?search=20157
20158,12,4662,0,20158,Virginia,False,200,https://www.psychologytoday.com/us/therapists?search=20158,
20159,1,4673,0,20159,Virginia,False,200,https://www.psychologytoday.com/us/therapists?search=20159,
20160,1,4471,0,20160,Virginia,False,200,https://www.psychologytoday.com/us/therapists?search=20160,
20161,,,,,,False,404,https://www.psychologytoday.com/us/therapists?search=20161,Request error: 404 Client Error: Not Found for url: https://www.psychologytoday.com/us/therapists?search=20161
20162,,,,,,False,404,https://www.psychologytoday.com/us/therapists?search=20162,Request error: 404 Client Error: Not Found for url: https://www.psychologytoday.com/us/therapists?search=20162
20163,24,0,0,20163,Virginia,False,200,https://www.psychologytoday.com/us/therapists?search=20163,
20164,61,0,0,20164,Virginia,False,200,https://www.psychologytoday.com/us/therapists?search=20164,
20165,123,0,0,20165,Virginia,False,200,https://www.psychologytoday.com/us/therapists?search=20165,
20166,87,0,0,20166,Virginia,False,200,https://www.psychologytoday.com/us/therapists?search=20166,
20167,2,7687,0,20167,Virginia,False,200,https://www.psychologytoday.com/us/therapists?search=20167,
20168,13,6662,0,20168,Virginia,False,200,https://www.psychologytoday.com/us/therapists?search=20168,
20169,93,0,0,20169,Virginia,False,200,https://www.psychologytoday.com/us/therapists?search=20169,
20170,171,0,0,20170,Virginia,False,200,https://www.psychologytoday.com/us/therapists?search=20170,
20171,139,0,0,20171,Virginia,False,200,https://www.psychologytoday.com/us/therapists?search=20171,
20172,1,7725,0,20172,Virginia,False,200,https://www.psychologytoday.com/us/therapists?search=20172,
20173,,,,,,False,404,https://www.psychologytoday.com/us/therapists?search=20173,Request error: 404 Client Error: Not Found for url: https://www.psychologytoday.com/us/therapists?search=20173
20174,,,,,,False,404,https://www.psychologytoday.com/us/therapists?search=20174,Request error: 404 Client Error: Not Found for url: https://www.psychologytoday.com/us/therapists?search=20174
20175,248,0,0,20175,Virginia,False,200,https://www.psychologytoday.com/us/therapists?search=20175,
20176,276,0,0,20176,Virginia,False,200,https://www.psychologytoday.com/us/therapists?search=20176,
20177,18,6033,0,20177,Virginia,False,200,https://www.psychologytoday.com/us/therapists?search=20177,
20178,12,6039,0,20178,Virginia,False,200,https://www.psychologytoday.com/us/therapists?search=20178,
20179,,,,,,False,404,https://www.psychologytoday.com/us/therapists?search=20179,Request error: 404 Client Error: Not Found for url: https://www.psychologytoday.com/us/therapists?search=20179
20180,15,2488,0,20180,Virginia,False,200,https://www.psychologytoday.com/us/therapists?search=20180,
20181,11,7960,0,20181,Virginia,False,200,https://www.psychologytoday.com/us/therapists?search=20181,
20182,1,7768,0,20182,Virginia,False,200,https://www.psychologytoday.com/us/therapists?search=20182,
20183,,,,,,False,404,https://www.psychologytoday.com/us/therapists?search=20183,Request error: 404 Client Error: Not Found for url: https://www.psychologytoday.com/us/therapists?search=20183
20184,2,3038,0,20184,Virginia,False,200,https://www.psychologytoday.com/us/therapists?search=20184,
20185,0,3987,0,20185,Virginia,False,200,https://www.psychologytoday.com/us/therapists?search=20185,
20186,105,0,0,20186,Virginia,False,200,https://www.psychologytoday.com/us/therapists?search=20186,
20187,31,0,0,20187,Virginia,False,200,https://www.psychologytoday.com/us/therapists?search=20187,
20188,11,4508,0,20188,Virginia,False,200,https://www.psychologytoday.com/us/therapists?search=20188,
20189,2,2151,0,20189,Virginia,False,200,https://www.psychologytoday.com/us/therapists?search=20189,
20190,268,0,0,20190,Virginia,False,200,https://www.psychologytoday.com/us/therapists?search=20190,
20191,375,0,0,20191,Virginia,False,200,https://www.psychologytoday.com/us/therapists?search=20191,
20192,7,7707,0,20192,Virginia,False,200,https://www.psychologytoday.com/us/therapists?search=20192,
20193,1,7709,0,20193,Virginia,False,200,https://www.psychologytoday.com/us/therapists?search=20193,
20194,24,0,0,20194,Virginia,False,200,https://www.psychologytoday.com/us/therapists?search=20194,
20195,2,7675,0,20195,Virginia,False,200,https://www.psychologytoday.com/us/therapists?search=20195,
20196,3,7686,0,20196,Virginia,False,200,https://www.psychologytoday.com/us/therapists?search=20196,
20197,2,4033,0,20197,Virginia,False,200,https://www.psychologytoday.com/us/therapists?search=20197,
20198,9,4918,0,20198,Virginia,False,200,https://www.psychologytoday.com/us/therapists?search=20198,
20199,0,2153,0,20199,Virginia,False,200,https://www.psychologytoday.com/us/therapists?search=20199,
22001,14,7005,0,22001,Virginia,False,200,https://www.psychologytoday.com/us/therapists?search=22001,
22002,9,742,0,22002,Virginia,False,200,https://www.psychologytoday.com/us/therapists?search=22002,
22003,160,0,0,22003,Virginia,False,200,https://www.psychologytoday.com/us/therapists?search=22003,
22004,,,,,,False,404,https://www.psychologytoday.com/us/therapists?search=22004,Request error: 404 Client Error: Not Found for url: https://www.psychologytoday.com/us/therapists?search=22004
22005,,,,,,False,404,https://www.psychologytoday.com/us/therapists?search=22005,Request error: 404 Client Error: Not Found for url: https://www.psychologytoday.com/us/therapists?search=22005
22006,,,,,,False,404,https://www.psychologytoday.com/us/therapists?search=22006,Request error: 404 Client Error: Not Found for url: https://www.psychologytoday.com/us/therapists?search=22006
22007,,,,,,False,404,https://www.psychologytoday.com/us/therapists?search=22007,Request error: 404 Client Error: Not Found for url: https://www.psychologytoday.com/us/therapists?search=22007
22008,,,,,,False,404,https://www.psychologytoday.com/us/therapists?search=22008,Request error: 404 Client Error: Not Found for url: https://www.psychologytoday.com/us/therapists?search=22008
22009,23,0,0,22009,Virginia,False,200,https://www.psychologytoday.com/us/therapists?search=22009,
22010,0,7707,0,22010,Virginia,False,200,https://www.psychologytoday.com/us/therapists?search=22010,
22011,2,7671,0,22011,Virginia,False,200,https://www.psychologytoday.com/us/therapists?search=22011,
22012,1,3012,0,22012,Virginia,False,200,https://www.psychologytoday.com/us/therapists?search=22012,
22013,1,7916,0,22013,Virginia,False,200,https://www.psychologytoday.com/us/therapists?search=22013,
22014,0,5918,0,22014,Virginia,False,200,https://www.psychologytoday.com/us/therapists?search=22014,
22015,152,0,0,22015,Virginia,False,200,https://www.psychologytoday.com/us/therapists?search=22015,
22016,,,,,,False,404,https://www.psychologytoday.com/us/therapists?search=22016,Request error: 404 Client Error: Not Found for url: https://www.psychologytoday.com/us/therapists?search=22016
22017,,,,,,False,404,https://www.psychologytoday.com/us/therapists?search=22017,Request error: 404 Client Error: Not Found for url: https://www.psychologytoday.com/us/therapists?search=22017
22018,0,7837,0,22018,Virginia,False,200,https://www.psychologytoday.com/us/therapists?search=22018,
22019,0,5179,0,22019,Virginia,False,200,https://www.psychologytoday.com/us/therapists?search=22019,
22020,,,,,,False,404,https://www.psychologytoday.com/us/therapists?search=22020,Request error: 404 Client Error: Not Found for url: https://www.psychologytoday.com/us/therapists?search=22020
22021,,,,,,False,404,https://www.psychologytoday.com/us/therapists?search=22021,Request error: 404 Client Error: Not Found for url: https://www.psychologytoday.com/us/therapists?search=22021
22022,,,,,,False,404,https://www.psychologytoday.com/us/therapists?search=22022,Request error: 404 Client Error: Not Found for url: https://www.psychologytoday.com/us/therapists?search=22022
22023,,,,,,False,404,https://www.psychologytoday.com/us/therapists?search=22023,Request error: 404 Client Error: Not Found for url: https://www.psychologytoday.com/us/therapists?search=22023
22024,,,,,,False,404,https://www.psychologytoday.com/us/therapists?search=22024,Request error: 404 Client Error: Not Found for url: https://www.psychologytoday.com/us/therapists?search=22024
22025,41,0,0,22025,Virginia,False,200,https://www.psychologytoday.com/us/therapists?search=22025,
22026,37,0,0,22026,Virginia,False,200,https://www.psychologytoday.com/us/therapists?search=22026,
22027,30,0,0,22027,Virginia,False,200,https://www.psychologytoday.com/us/therapists?search=22027,
22028,,,,,,False,404,https://www.psychologytoday.com/us/therapists?search=22028,Request error: 404 Client Error: Not Found for url: https://www.psychologytoday.com/us/therapists?search=22028
22029,,,,,,False,404,https://www.psychologytoday.com/us/therapists?search=22029,Request error: 404 Client Error: Not Found for url: https://www.psychologytoday.com/us/therapists?search=22029
22031,269,0,0,22031,Virginia,False,200,https://www.psychologytoday.com/us/therapists?search=22031,
22032,117,0,0,22032,Virginia,False,200,https://www.psychologytoday.com/us/therapists?search=22032,
22033,113,0,0,22033,Virginia,False,200,https://www.psychologytoday.com/us/therapists?search=22033,
22034,11,4977,0,22034,Virginia,False,200,https://www.psychologytoday.com/us/therapists?search=22034,
22035,8,7818,0,22035,Virginia,False,200,https://www.psychologytoday.com/us/therapists?search=22035,
22036,8,7858,0,22036,Virginia,False,200,https://www.psychologytoday.com/us/therapists?search=22036,
22037,3,7762,0,22037,Virginia,False,200,https://www.psychologytoday.com/us/therapists?search=22037,
22038,2,7824,0,22038,Virginia,False,200,https://www.psychologytoday.com/us/therapists?search=22038,
22039,71,0,0,22039,Virginia,False,200,https://www.psychologytoday.com/us/therapists?search=22039,
22040,62,0,0,22040,Virginia,False,200,https://www.psychologytoday.com/us/therapists?search=22040,
22041,74,0,0,22041,Virginia,False,200,https://www.psychologytoday.com/us/therapists?search=22041,
22042,96,0,0,22042,Virginia,False,200,https://www.psychologytoday.com/us/therapists?search=22042,
22043,82,0,0,22043,Virginia,False,200,https://www.psychologytoday.com/us/therapists?search=22043,
22044,54,0,0,22044,Virginia,False,200,https://www.psychologytoday.com/us/therapists?search=22044,
22045,,,,,,False,404,https://www.psychologytoday.com/us/therapists?search=22045,Request error: 404 Client Error: Not Found for url: https://www.psychologytoday.com/us/therapists?search=22045
22046,333,0,0,22046,Virginia,False,200,https://www.psychologytoday.com/us/therapists?search=22046,
22047,8,7748,0,22047,Virginia,False,200,https://www.psychologytoday.com/us/therapists?search=22047,
22048,,,,,,False,404,https://www.psychologytoday.com/us/therapists?search=22048,Request error: 404 Client Error: Not Found for url: https://www.psychologytoday.com/us/therapists?search=22048
22049,,,,,,False,404,https://www.psychologytoday.com/us/therapists?search=22049,Request error: 404 Client Error: Not Found for url: https://www.psychologytoday.com/us/therapists?search=22049
22050,,,,,,False,404,https://www.psychologytoday.com/us/therapists?search=22050,Request error: 404 Client Error: Not Found for url: https://www.psychologytoday.com/us/therapists?search=22050
22051,,,,,,False,404,https://www.psychologytoday.com/us/therapists?search=22051,Request error: 404 Client Error: Not Found for url: https://www.psychologytoday.com/us/therapists?search=22051
22052,,,,,,False,404,https://www.psychologytoday.com/us/therapists?search=22052,Request error: 404 Client Error: Not Found for url: https://www.psychologytoday.com/us/therapists?search=22052
22053,,,,,,False,404,https://www.psychologytoday.com/us/therapists?search=22053,Request error: 404 Client Error: Not Found for url: https://www.psychologytoday.com/us/therapists?search=22053
22054,,,,,,False,404,https://www.psychologytoday.com/us/therapists?search=22054,Request error: 404 Client Error: Not Found for url: https://www.psychologytoday.com/us/therapists?search=22054
22055,,,,,,False,404,https://www.psychologytoday.com/us/therapists?search=22055,Request error: 404 Client Error: Not Found for url: https://www.psychologytoday.com/us/therapists?search=22055
22056,,,,,,False,404,https://www.psychologytoday.com/us/therapists?search=22056,Request error: 404 Client Error: Not Found for url: https://www.psychologytoday.com/us/therapists?search=22056
22057,,,,,,False,404,https://www.psychologytoday.com/us/therapists?search=22057,Request error: 404 Client Error: Not Found for url: https://www.psychologytoday.com/us/therapists?search=22057
22058,,,,,,False,404,https://www.psychologytoday.com/us/therapists?search=22058,Request error: 404 Client Error: Not Found for url: https://www.psychologytoday.com/us/therapists?search=22058
22059,,,,,,False,404,https://www.psychologytoday.com/us/therapists?search=22059,Request error: 404 Client Error: Not Found for url: https://www.psychologytoday.com/us/therapists?search=22059
22060,16,7448,0,22060,Virginia,False,200,https://www.psychologytoday.com/us/therapists?search=22060,
22061,,,,,,False,404,https://www.psychologytoday.com/us/therapists?search=22061,Request error: 404 Client Error: Not Found for url: https://www.psychologytoday.com/us/therapists?search=22061
22062,,,,,,False,404,https://www.psychologytoday.com/us/therapists?search=22062,Request error: 404 Client Error: Not Found for url: https://www.psychologytoday.com/us/therapists?search=22062
22063,,,,,,False,404,https://www.psychologytoday.com/us/therapists?search=22063,Request error: 404 Client Error: Not Found for url: https://www.psychologytoday.com/us/therapists?search=22063
22064,,,,,,False,404,https://www.psychologytoday.com/us/therapists?search=22064,Request error: 404 Client Error: Not Found for url: https://www.psychologytoday.com/us/therapists?search=22064
22065,4,7144,0,22065,Virginia,False,200,https://www.psychologytoday.com/us/therapists?search=22065,
22066,182,0,0,22066,Virginia,False,200,https://www.psychologytoday.com/us/therapists?search=22066,
22067,17,7646,0,22067,Virginia,False,200,https://www.psychologytoday.com/us/therapists?search=22067,
22068,0,4508,0,22068,Virginia,False,200,https://www.psychologytoday.com/us/therapists?search=22068,
22069,1,6383,0,22069,Virginia,False,200,https://www.psychologytoday.com/us/therapists?search=22069,
22070,0,7702,0,22070,Virginia,False,200,https://www.psychologytoday.com/us/therapists?search=22070,
22071,1,7726,0,22071,Virginia,False,200,https://www.psychologytoday.com/us/therapists?search=22071,
22072,,,,,,False,404,https://www.psychologytoday.com/us/therapists?search=22072,Request error: 404 Client Error: Not Found for url: https://www.psychologytoday.com/us/therapists?search=22072
22073,,,,,,False,404,https://www.psychologytoday.com/us/therapists?search=22073,Request error: 404 Client Error: Not Found for url: https://www.psychologytoday.com/us/therapists?search=22073
22074,,,,,,False,404,https://www.psychologytoday.com/us/therapists?search=22074,Request error: 404 Client Error: Not Found for url: https://www.psychologytoday.com/us/therapists?search=22074
22075,7,5336,0,22075,Virginia,False,200,https://www.psychologytoday.com/us/therapists?search=22075,
22076,,,,,,False,404,https://www.psychologytoday.com/us/therapists?search=22076,Request error: 404 Client Error: Not Found for url: https://www.psychologytoday.com/us/therapists?search=22076
22077,,,,,,False,404,https://www.psychologytoday.com/us/therapists?search=22077,Request error: 404 Client Error: Not Found for url: https://www.psychologytoday.com/us/therapists?search=22077
22078,,,,,,False,404,https://www.psychologytoday.com/us/therapists?search=22078,Request error: 404 Client Error: Not Found for url: https://www.psychologytoday.com/us/therapists?search=22078
22079,59,0,0,22079,Virginia,False,200,https://www.psychologytoday.com/us/therapists?search=22079,
22080,0,2441,0,22080,Virginia,False,200,https://www.psychologytoday.com/us/therapists?search=22080,
22081,3,7680,0,22081,Virginia,False,200,https://www.psychologytoday.com/us/therapists?search=22081,
22082,2,7680,0,22082,Virginia,False,200,https://www.psychologytoday.com/us/therapists?search=22082,
22083,,,,,,False,404,https://www.psychologytoday.com/us/therapists?search=22083,Request error: 404 Client Error: Not Found for url: https://www.psychologytoday.com/us/therapists?search=22083
22084,,,,,,False,404,https://www.psychologytoday.com/us/therapists?search=22084,Request error: 404 Client Error: Not Found for url: https://www.psychologytoday.com/us/therapists?search=22084
22085,,,,,,False,404,https://www.psychologytoday.com/us/therapists?search=22085,Request error: 404 Client Error: Not Found for url: https://www.psychologytoday.com/us/therapists?search=22085
22086,,,,,,False,404,https://www.psychologytoday.com/us/therapists?search=22086,Request error: 404 Client Error: Not Found for url: https://www.psychologytoday.com/us/therapists?search=22086
22087,,,,,,False,404,https://www.psychologytoday.com/us/therapists?search=22087,Request error: 404 Client Error: Not Found for url: https://www.psychologytoday.com/us/therapists?search=22087
22088,,,,,,False,404,https://www.psychologytoday.com/us/therapists?search=22088,Request error: 404 Client Error: Not Found for url: https://www.psychologytoday.com/us/therapists?search=22088
22089,,,,,,False,404,https://www.psychologytoday.com/us/therapists?search=22089,Request error: 404 Client Error: Not Found for url: https://www.psychologytoday.com/us/therapists?search=22089
22090,,,,,,False,404,https://www.psychologytoday.com/us/therapists?search=22090,Request error: 404 Client Error: Not Found for url: https://www.psychologytoday.com/us/therapists?search=22090
22091,0,7721,0,22091,Virginia,False,200,https://www.psychologytoday.com/us/therapists?search=22091,
22092,0,7714,0,22092,Virginia,False,200,https://www.psychologytoday.com/us/therapists?search=22092,
22093,0,7672,0,22093,Virginia,False,200,https://www.psychologytoday.com/us/therapists?search=22093,
22094,0,7678,0,22094,Virginia,False,200,https://www.psychologytoday.com/us/therapists?search=22094,
22095,0,7714,0,22095,Virginia,False,200,https://www.psychologytoday.com/us/therapists?search=22095,
22096,0,7689,0,22096,Virginia,False,200,https://www.psychologytoday.com/us/therapists?search=22096,
22097,,,,,,False,404,https://www.psychologytoday.com/us/therapists?search=22097,Request error: 404 Client Error: Not Found for url: https://www.psychologytoday.com/us/therapists?search=22097
22098,,,,,,False,404,https://www.psychologytoday.com/us/therapists?search=22098,Request error: 404 Client Error: Not Found for url: https://www.psychologytoday.com/us/therapists?search=22098
22099,,,,,,False,404,https://www.psychologytoday.com/us/therapists?search=22099,Request error: 404 Client Error: Not Found for url: https://www.psychologytoday.com/us/therapists?search=22099
22100,,,,,,False,404,https://www.psychologytoday.com/us/therapists?search=22100,Request error: 404 Client Error: Not Found for url: https://www.psychologytoday.com/us/therapists?search=22100
22101,517,0,0,22101,Virginia,False,200,https://www.psychologytoday.com/us/therapists?search=22101,
22103,20,0,0,22103,Virginia,False,200,https://www.psychologytoday.com/us/therapists?search=22103,
22104,,,,,,False,404,https://www.psychologytoday.com/us/therapists?search=22104,Request error: 404 Client Error: Not Found for url: https://www.psychologytoday.com/us/therapists?search=22104
22105,,,,,,False,404,https://www.psychologytoday.com/us/therapists?search=22105,Request error: 404 Client Error: Not Found for url: https://www.psychologytoday.com/us/therapists?search=22105
22106,3,7621,0,22106,Virginia,False,200,https://www.psychologytoday.com/us/therapists?search=22106,
22107,1,7624,0,22107,Virginia,False,200,https://www.psychologytoday.com/us/therapists?search=22107,
22108,2,7623,0,22108,Virginia,False,200,https://www.psychologytoday.com/us/therapists?search=22108,
22109,1,7624,0,22109,Virginia,False,200,https://www.psychologytoday.com/us/therapists?search=22109,
22110,3,7878,0,22110,Virginia,False,200,https://www.psychologytoday.com/us/therapists?search=22110,
22111,0,7881,0,22111,Virginia,False,200,https://www.psychologytoday.com/us/therapists?search=22111,
22112,,,,,,False,404,https://www.psychologytoday.com/us/therapists?search=22112,Request error: 404 Client Error: Not Found for url: https://www.psychologytoday.com/us/therapists?search=22112
22113,,,,,,False,404,https://www.psychologytoday.com/us/therapists?search=22113,Request error: 404 Client Error: Not Found for url: https://www.psychologytoday.com/us/therapists?search=22113
22114,,,,,,False,404,https://www.psychologytoday.com/us/therapists?search=22114,Request error: 404 Client Error: Not Found for url: https://www.psychologytoday.com/us/therapists?search=22114
22115,0,2892,0,22115,Virginia,False,200,https://www.psychologytoday.com/us/therapists?search=22115,
22116,1,7680,0,22116,Virginia,False,200,https://www.psychologytoday.com/us/therapists?search=22116,
22117,0,4588,0,22117,Virginia,False,200,https://www.psychologytoday.com/us/therapists?search=22117,
22118,0,7681,0,22118,Virginia,False,200,https://www.psychologytoday.com/us/therapists?search=22118,
22119,0,7681,0,22119,Virginia,False,200,https://www.psychologytoday.com/us/therapists?search=22119,
22120,0,7681,0,22120,Virginia,False,200,https://www.psychologytoday.com/us/therapists?search=22120,
22121,2,7359,0,22121,Virginia,False,200,https://www.psychologytoday.com/us/therapists?search=22121,
22122,0,7638,0,22122,Virginia,False,200,https://www.psychologytoday.com/us/therapists?search=22122,
22123,0,8022,0,22123,Virginia,False,200,https://www.psychologytoday.com/us/therapists?search=22123,
22124,88,0,0,22124,Virginia,False,200,https://www.psychologytoday.com/us/therapists?search=22124,
22125,22,0,0,22125,Virginia,False,200,https://www.psychologytoday.com/us/therapists?search=22125,
22126,,,,,,False,404,https://www.psychologytoday.com/us/therapists?search=22126,Request error: 404 Client Error: Not Found for url: https://www.psychologytoday.com/us/therapists?search=22126
22127,,,,,,False,404,https://www.psychologytoday.com/us/therapists?search=22127,Request error: 404 Client Error: Not Found for url: https://www.psychologytoday.com/us/therapists?search=22127
22128,,,,,,False,404,https://www.psychologytoday.com/us/therapists?search=22128,Request error: 404 Client Error: Not Found for url: https://www.psychologytoday.com/us/therapists?search=22128
22129,0,4615,0,22129,Virginia,False,200,https://www.psychologytoday.com/us/therapists?search=22129,
22130,1,2976,0,22130,Virginia,False,200,https://www.psychologytoday.com/us/therapists?search=22130,
22131,,,,,,False,404,https://www.psychologytoday.com/us/therapists?search=22131,Request error: 404 Client Error: Not Found for url: https://www.psychologytoday.com/us/therapists?search=22131
22132,0,3570,0,22132,Virginia,False,200,https://www.psychologytoday.com/us/therapists?search=22132,
22133,,,,,,False,404,https://www.psychologytoday.com/us/therapists?search=22133,Request error: 404 Client Error: Not Found for url: https://www.psychologytoday.com/us/therapists?search=22133
22134,20,0,0,22134,Virginia,False,200,https://www.psychologytoday.com/us/therapists?search=22134,
22135,5,7308,0,22135,Virginia,False,200,https://www.psychologytoday.com/us/therapists?search=22135,
22136,,,,,,False,404,https://www.psychologytoday.com/us/therapists?search=22136,Request error: 404 Client Error: Not Found for url: https://www.psychologytoday.com/us/therapists?search=22136
22137,,,,,,False,404,https://www.psychologytoday.com/us/therapists?search=22137,Request error: 404 Client Error: Not Found for url: https://www.psychologytoday.com/us/therapists?search=22137
22138,,,,,,False,404,https://www.psychologytoday.com/us/therapists?search=22138,Request error: 404 Client Error: Not Found for url: https://www.psychologytoday.com/us/therapists?search=22138
22139,,,,,,False,404,https://www.psychologytoday.com/us/therapists?search=22139,Request error: 404 Client Error: Not Found for url: https://www.psychologytoday.com/us/therapists?search=22139
22140,,,,,,False,404,https://www.psychologytoday.com/us/therapists?search=22140,Request error: 404 Client Error: Not Found for url: https://www.psychologytoday.com/us/therapists?search=22140
22141,0,3212,0,22141,Virginia,False,200,https://www.psychologytoday.com/us/therapists?search=22141,
22142,,,,,,False,404,https://www.psychologytoday.com/us/therapists?search=22142,Request error: 404 Client Error: Not Found for url: https://www.psychologytoday.com/us/therapists?search=22142
22143,,,,,,False,404,https://www.psychologytoday.com/us/therapists?search=22143,Request error: 404 Client Error: Not Found for url: https://www.psychologytoday.com/us/therapists?search=22143
22144,,,,,,False,404,https://www.psychologytoday.com/us/therapists?search=22144,Request error: 404 Client Error: Not Found for url: https://www.psychologytoday.com/us/therapists?search=22144
22145,,,,,,False,404,https://www.psychologytoday.com/us/therapists?search=22145,Request error: 404 Client Error: Not Found for url: https://www.psychologytoday.com/us/therapists?search=22145
22146,,,,,,False,404,https://www.psychologytoday.com/us/therapists?search=22146,Request error: 404 Client Error: Not Found for url: https://www.psychologytoday.com/us/therapists?search=22146
22147,,,,,,False,404,https://www.psychologytoday.com/us/therapists?search=22147,Request error: 404 Client Error: Not Found for url: https://www.psychologytoday.com/us/therapists?search=22147
22148,,,,,,False,404,https://www.psychologytoday.com/us/therapists?search=22148,Request error: 404 Client Error: Not Found for url: https://www.psychologytoday.com/us/therapists?search=22148
22149,,,,,,False,404,https://www.psychologytoday.com/us/therapists?search=22149,Request error: 404 Client Error: Not Found for url: https://www.psychologytoday.com/us/therapists?search=22149
22150,77,0,0,22150,Virginia,False,200,https://www.psychologytoday.com/us/therapists?search=22150,
22151,46,0,0,22151,Virginia,False,200,https://www.psychologytoday.com/us/therapists?search=22151,
22152,69,0,0,22152,Virginia,False,200,https://www.psychologytoday.com/us/therapists?search=22152,
22153,48,0,0,22153,Virginia,False,200,https://www.psychologytoday.com/us/therapists?search=22153,
22154,,,,,,False,404,https://www.psychologytoday.com/us/therapists?search=22154,Request error: 404 Client Error: Not Found for url: https://www.psychologytoday.com/us/therapists?search=22154
22155,,,,,,False,404,https://www.psychologytoday.com/us/therapists?search=22155,Request error: 404 Client Error: Not Found for url: https://www.psychologytoday.com/us/therapists?search=22155
22156,0,7688,0,22156,Virginia,False,200,https://www.psychologytoday.com/us/therapists?search=22156,
22157,,,,,,False,404,https://www.psychologytoday.com/us/therapists?search=22157,Request error: 404 Client Error: Not Found for url: https://www.psychologytoday.com/us/therapists?search=22157
22158,1,7687,0,22158,Virginia,False,200,https://www.psychologytoday.com/us/therapists?search=22158,
22159,0,7688,0,22159,Virginia,False,200,https://www.psychologytoday.com/us/therapists?search=22159,
22160,1,7687,0,22160,Virginia,False,200,https://www.psychologytoday.com/us/therapists?search=22160,
22161,0,7688,0,22161,Virginia,False,200,https://www.psychologytoday.com/us/therapists?search=22161,
22162,,,,,,False,404,https://www.psychologytoday.com/us/therapists?search=22162,Request error: 404 Client Error: Not Found for url: https://www.psychologytoday.com/us/therapists?search=22162
22163,,,,,,False,404,https://www.psychologytoday.com/us/therapists?search=22163,Request error: 404 Client Error: Not Found for url: https://www.psychologytoday.com/us/therapists?search=22163
22164,,,,,,False,404,https://www.psychologytoday.com/us/therapists?search=22164,Request error: 404 Client Error: Not Found for url: https://www.psychologytoday.com/us/therapists?search=22164
22165,,,,,,False,404,https://www.psychologytoday.com/us/therapists?search=22165,Request error: 404 Client Error: Not Found for url: https://www.psychologytoday.com/us/therapists?search=22165
22166,,,,,,False,404,https://www.psychologytoday.com/us/therapists?search=22166,Request error: 404 Client Error: Not Found for url: https://www.psychologytoday.com/us/therapists?search=22166
22167,,,,,,False,404,https://www.psychologytoday.com/us/therapists?search=22167,Request error: 404 Client Error: Not Found for url: https://www.psychologytoday.com/us/therapists?search=22167
22168,,,,,,False,404,https://www.psychologytoday.com/us/therapists?search=22168,Request error: 404 Client Error: Not Found for url: https://www.psychologytoday.com/us/therapists?search=22168
22169,,,,,,False,404,https://www.psychologytoday.com/us/therapists?search=22169,Request error: 404 Client Error: Not Found for url: https://www.psychologytoday.com/us/therapists?search=22169
22170,0,7671,0,22170,Virginia,False,200,https://www.psychologytoday.com/us/therapists?search=22170,
22171,0,4796,0,22171,Virginia,False,200,https://www.psychologytoday.com/us/therapists?search=22171,
22172,14,7461,0,22172,Virginia,False,200,https://www.psychologytoday.com/us/therapists?search=22172,
22173,,,,,,False,404,https://www.psychologytoday.com/us/therapists?search=22173,Request error: 404 Client Error: Not Found for url: https://www.psychologytoday.com/us/therapists?search=22173
22174,,,,,,False,404,https://www.psychologytoday.com/us/therapists?search=22174,Request error: 404 Client Error: Not Found for url: https://www.psychologytoday.com/us/therapists?search=22174
22175,,,,,,False,404,https://www.psychologytoday.com/us/therapists?search=22175,Request error: 404 Client Error: Not Found for url: https://www.psychologytoday.com/us/therapists?search=22175
22176,0,3232,0,22176,Virginia,False,200,https://www.psychologytoday.com/us/therapists?search=22176,
22177,,,,,,False,404,https://www.psychologytoday.com/us/therapists?search=22177,Request error: 404 Client Error: Not Found for url: https://www.psychologytoday.com/us/therapists?search=22177
22178,,,,,,False,404,https://www.psychologytoday.com/us/therapists?search=22178,Request error: 404 Client Error: Not Found for url: https://www.psychologytoday.com/us/therapists?search=22178
22179,,,,,,False,404,https://www.psychologytoday.com/us/therapists?search=22179,Request error: 404 Client Error: Not Found for url: https://www.psychologytoday.com/us/therapists?search=22179
22180,193,0,0,22180,Virginia,False,200,https://www.psychologytoday.com/us/therapists?search=22180,
22181,46,0,0,22181,Virginia,False,200,https://www.psychologytoday.com/us/therapists?search=22181,
22182,332,0,0,22182,Virginia,False,200,https://www.psychologytoday.com/us/therapists?search=22182,
22183,9,7678,0,22183,Virginia,False,200,https://www.psychologytoday.com/us/therapists?search=22183,
22184,8,7679,0,22184,Virginia,False,200,https://www.psychologytoday.com/us/therapists?search=22184,
22185,6,7681,0,22185,Virginia,False,200,https://www.psychologytoday.com/us/therapists?search=22185,
22186,,,,,,False,404,https://www.psychologytoday.com/us/therapists?search=22186,Request error: 404 Client Error: Not Found for url: https://www.psychologytoday.com/us/therapists?search=22186
22187,,,,,,False,404,https://www.psychologytoday.com/us/therapists?search=22187,Request error: 404 Client Error: Not Found for url: https://www.psychologytoday.com/us/therapists?search=22187
22188,,,,,,False,404,https://www.psychologytoday.com/us/therapists?search=22188,Request error: 404 Client Error: Not Found for url: https://www.psychologytoday.com/us/therapists?search=22188
22189,,,,,,False,404,https://www.psychologytoday.com/us/therapists?search=22189,Request error: 404 Client Error: Not Found for url: https://www.psychologytoday.com/us/therapists?search=22189
22190,3,3335,0,22190,Virginia,False,200,https://www.psychologytoday.com/us/therapists?search=22190,
22191,200,0,0,22191,Virginia,False,200,https://www.psychologytoday.com/us/therapists?search=22191,
22192,236,0,0,22192,Virginia,False,200,https://www.psychologytoday.com/us/therapists?search=22192,
22193,310,0,0,22193,Virginia,False,200,https://www.psychologytoday.com/us/therapists?search=22193,
22194,11,7766,0,22194,Virginia,False,200,https://www.psychologytoday.com/us/therapists?search=22194,
22195,5,7794,0,22195,Virginia,False,200,https://www.psychologytoday.com/us/therapists?search=22195,
22196,,,,,,False,404,https://www.psychologytoday.com/us/therapists?search=22196,Request error: 404 Client Error: Not Found for url: https://www.psychologytoday.com/us/therapists?search=22196
22197,,,,,,False,404,https://www.psychologytoday.com/us/therapists?search=22197,Request error: 404 Client Error: Not Found for url: https://www.psychologytoday.com/us/therapists?search=22197
22198,,,,,,False,404,https://www.psychologytoday.com/us/therapists?search=22198,Request error: 404 Client Error: Not Found for url: https://www.psychologytoday.com/us/therapists?search=22198
22199,3,7696,0,22199,Virginia,False,200,https://www.psychologytoday.com/us/therapists?search=22199,
22200,,,,,,False,404,https://www.psychologytoday.com/us/therapists?search=22200,Request error: 404 Client Error: Not Found for url: https://www.psychologytoday.com/us/therapists?search=22200
22202,200,0,0,22202,Virginia,False,200,https://www.psychologytoday.com/us/therapists?search=22202,
22203,260,0,0,22203,Virginia,False,200,https://www.psychologytoday.com/us/therapists?search=22203,
22204,183,0,0,22204,Virginia,False,200,https://www.psychologytoday.com/us/therapists?search=22204,
22205,96,0,0,22205,Virginia,False,200,https://www.psychologytoday.com/us/therapists?search=22205,
22206,109,0,0,22206,Virginia,False,200,https://www.psychologytoday.com/us/therapists?search=22206,
22207,307,0,0,22207,Virginia,False,200,https://www.psychologytoday.com/us/therapists?search=22207,
22208,,,,,,False,404,https://www.psychologytoday.com/us/therapists?search=22208,Request error: 404 Client Error: Not Found for url: https://www.psychologytoday.com/us/therapists?search=22208
22209,244,0,0,22209,Virginia,False,200,https://www.psychologytoday.com/us/therapists?search=22209,
22210,11,7605,0,22210,Virginia,False,200,https://www.psychologytoday.com/us/therapists?search=22210,
22211,8,7490,0,22211,Virginia,False,200,https://www.psychologytoday.com/us/therapists?search=22211,
22212,2,7566,0,22212,Virginia,False,200,https://www.psychologytoday.com/us/therapists?search=22212,
22213,21,0,0,22213,Virginia,False,200,https://www.psychologytoday.com/us/therapists?search=22213,
22214,2,7612,0,22214,Virginia,False,200,https://www.psychologytoday.com/us/therapists?search=22214,
22215,0,7614,0,22215,Virginia,False,200,https://www.psychologytoday.com/us/therapists?search=22215,
22216,2,7612,0,22216,Virginia,False,200,https://www.psychologytoday.com/us/therapists?search=22216,
22217,0,7567,0,22217,Virginia,False,200,https://www.psychologytoday.com/us/therapists?search=22217,
22218,1,7566,0,22218,Virginia,False,200,https://www.psychologytoday.com/us/therapists?search=22218,
22219,0,7589,0,22219,Virginia,False,200,https://www.psychologytoday.com/us/therapists?search=22219,
22220,,,,,,False,404,https://www.psychologytoday.com/us/therapists?search=22220,Request error: 404 Client Error: Not Found for url: https://www.psychologytoday.com/us/therapists?search=22220
22221,,,,,,False,404,https://www.psychologytoday.com/us/therapists?search=22221,Request error: 404 Client Error: Not Found for url: https://www.psychologytoday.com/us/therapists?search=22221
22222,1,7615,0,22222,Virginia,False,200,https://www.psychologytoday.com/us/therapists?search=22222,
22223,0,7616,0,22223,Virginia,False,200,https://www.psychologytoday.com/us/therapists?search=22223,
22224,,,,,,False,404,https://www.psychologytoday.com/us/therapists?search=22224,Request error: 404 Client Error: Not Found for url: https://www.psychologytoday.com/us/therapists?search=22224
22225,0,7421,0,22225,Virginia,False,200,https://www.psychologytoday.com/us/therapists?search=22225,
22226,1,7613,0,22226,Virginia,False,200,https://www.psychologytoday.com/us/therapists?search=22226,
22227,0,7616,0,22227,Virginia,False,200,https://www.psychologytoday.com/us/therapists?search=22227,
22228,,,,,,False,404,https://www.psychologytoday.com/us/therapists?search=22228,Request error: 404 Client Error: Not Found for url: https://www.psychologytoday.com/us/therapists?search=22228
22229,0,7614,0,22229,Virginia,False,200,https://www.psychologytoday.com/us/therapists?search=22229,
22230,1,7615,0,22230,Virginia,False,200,https://www.psychologytoday.com/us/therapists?search=22230,
22231,,,,,,False,404,https://www.psychologytoday.com/us/therapists?search=22231,Request error: 404 Client Error: Not Found for url: https://www.psychologytoday.com/us/therapists?search=22231
22232,,,,,,False,404,https://www.psychologytoday.com/us/therapists?search=22232,Request error: 404 Client Error: Not Found for url: https://www.psychologytoday.com/us/therapists?search=22232
22233,,,,,,False,404,https://www.psychologytoday.com/us/therapists?search=22233,Request error: 404 Client Error: Not Found for url: https://www.psychologytoday.com/us/therapists?search=22233
22234,0,7616,0,22234,Virginia,False,200,https://www.psychologytoday.com/us/therapists?search=22234,
22235,,,,,,False,404,https://www.psychologytoday.com/us/therapists?search=22235,Request error: 404 Client Error: Not Found for url: https://www.psychologytoday.com/us/therapists?search=22235
22236,,,,,,False,404,https://www.psychologytoday.com/us/therapists?search=22236,Request error: 404 Client Error: Not Found for url: https://www.psychologytoday.com/us/therapists?search=22236
22237,,,,,,False,404,https://www.psychologytoday.com/us/therapists?search=22237,Request error: 404 Client Error: Not Found for url: https://www.psychologytoday.com/us/therapists?search=22237
22238,,,,,,False,404,https://www.psychologytoday.com/us/therapists?search=22238,Request error: 404 Client Error: Not Found for url: https://www.psychologytoday.com/us/therapists?search=22238
22239,,,,,,False,404,https://www.psychologytoday.com/us/therapists?search=22239,Request error: 404 Client Error: Not Found for url: https://www.psychologytoday.com/us/therapists?search=22239
22240,0,7616,0,22240,Virginia,False,200,https://www.psychologytoday.com/us/therapists?search=22240,
22241,1,7615,0,22241,Virginia,False,200,https://www.psychologytoday.com/us/therapists?search=22241,
22242,1,7615,0,22242,Virginia,False,200,https://www.psychologytoday.com/us/therapists?search=22242,
22243,2,7614,0,22243,Virginia,False,200,https://www.psychologytoday.com/us/therapists?search=22243,
22244,0,7616,0,22244,Virginia,False,200,https://www.psychologytoday.com/us/therapists?search=22244,
22245,0,7616,0,22245,Virginia,False,200,https://www.psychologytoday.com/us/therapists?search=22245,
22246,1,7586,0,22246,Virginia,False,200,https://www.psychologytoday.com/us/therapists?search=22246,
22247,,,,,,False,404,https://www.psychologytoday.com/us/therapists?search=22247,Request error: 404 Client Error: Not Found for url: https://www.psychologytoday.com/us/therapists?search=22247
22248,,,,,,False,404,https://www.psychologytoday.com/us/therapists?search=22248,Request error: 404 Client Error: Not Found for url: https://www.psychologytoday.com/us/therapists?search=22248
22249,,,,,,False,404,https://www.psychologytoday.com/us/therapists?search=22249,Request error: 404 Client Error: Not Found for url: https://www.psychologytoday.com/us/therapists?search=22249
22250,,,,,,False,404,https://www.psychologytoday.com/us/therapists?search=22250,Request error: 404 Client Error: Not Found for url: https://www.psychologytoday.com/us/therapists?search=22250
22251,,,,,,False,404,https://www.psychologytoday.com/us/therapists?search=22251,Request error: 404 Client Error: Not Found for url: https://www.psychologytoday.com/us/therapists?search=22251
22252,,,,,,False,404,https://www.psychologytoday.com/us/therapists?search=22252,Request error: 404 Client Error: Not Found for url: https://www.psychologytoday.com/us/therapists?search=22252
22253,,,,,,False,404,https://www.psychologytoday.com/us/therapists?search=22253,Request error: 404 Client Error: Not Found for url: https://www.psychologytoday.com/us/therapists?search=22253
22254,,,,,,False,404,https://www.psychologytoday.com/us/therapists?search=22254,Request error: 404 Client Error: Not Found for url: https://www.psychologytoday.com/us/therapists?search=22254
22255,,,,,,False,404,https://www.psychologytoday.com/us/therapists?search=22255,Request error: 404 Client Error: Not Found for url: https://www.psychologytoday.com/us/therapists?search=22255
22256,,,,,,False,404,https://www.psychologytoday.com/us/therapists?search=22256,Request error: 404 Client Error: Not Found for url: https://www.psychologytoday.com/us/therapists?search=22256
22257,,,,,,False,404,https://www.psychologytoday.com/us/therapists?search=22257,Request error: 404 Client Error: Not Found for url: https://www.psychologytoday.com/us/therapists?search=22257
22258,,,,,,False,404,https://www.psychologytoday.com/us/therapists?search=22258,Request error: 404 Client Error: Not Found for url: https://www.psychologytoday.com/us/therapists?search=22258
22259,,,,,,False,404,https://www.psychologytoday.com/us/therapists?search=22259,Request error: 404 Client Error: Not Found for url: https://www.psychologytoday.com/us/therapists?search=22259
22260,,,,,,False,404,https://www.psychologytoday.com/us/therapists?search=22260,Request error: 404 Client Error: Not Found for url: https://www.psychologytoday.com/us/therapists?search=22260
22261,,,,,,False,404,https://www.psychologytoday.com/us/therapists?search=22261,Request error: 404 Client Error: Not Found for url: https://www.psychologytoday.com/us/therapists?search=22261
22262,,,,,,False,404,https://www.psychologytoday.com/us/therapists?search=22262,Request error: 404 Client Error: Not Found for url: https://www.psychologytoday.com/us/therapists?search=22262
22263,,,,,,False,404,https://www.psychologytoday.com/us/therapists?search=22263,Request error: 404 Client Error: Not Found for url: https://www.psychologytoday.com/us/therapists?search=22263
22264,,,,,,False,404,https://www.psychologytoday.com/us/therapists?search=22264,Request error: 404 Client Error: Not Found for url: https://www.psychologytoday.com/us/therapists?search=22264
22265,,,,,,False,404,https://www.psychologytoday.com/us/therapists?search=22265,Request error: 404 Client Error: Not Found for url: https://www.psychologytoday.com/us/therapists?search=22265
22266,,,,,,False,404,https://www.psychologytoday.com/us/therapists?search=22266,Request error: 404 Client Error: Not Found for url: https://www.psychologytoday.com/us/therapists?search=22266
22267,,,,,,False,404,https://www.psychologytoday.com/us/therapists?search=22267,Request error: 404 Client Error: Not Found for url: https://www.psychologytoday.com/us/therapists?search=22267
22268,,,,,,False,404,https://www.psychologytoday.com/us/therapists?search=22268,Request error: 404 Client Error: Not Found for url: https://www.psychologytoday.com/us/therapists?search=22268
22269,,,,,,False,404,https://www.psychologytoday.com/us/therapists?search=22269,Request error: 404 Client Error: Not Found for url: https://www.psychologytoday.com/us/therapists?search=22269
22270,,,,,,False,404,https://www.psychologytoday.com/us/therapists?search=22270,Request error: 404 Client Error: Not Found for url: https://www.psychologytoday.com/us/therapists?search=22270
22271,,,,,,False,404,https://www.psychologytoday.com/us/therapists?search=22271,Request error: 404 Client Error: Not Found for url: https://www.psychologytoday.com/us/therapists?search=22271
22272,,,,,,False,404,https://www.psychologytoday.com/us/therapists?search=22272,Request error: 404 Client Error: Not Found for url: https://www.psychologytoday.com/us/therapists?search=22272
22273,,,,,,False,404,https://www.psychologytoday.com/us/therapists?search=22273,Request error: 404 Client Error: Not Found for url: https://www.psychologytoday.com/us/therapists?search=22273
22274,,,,,,False,404,https://www.psychologytoday.com/us/therapists?search=22274,Request error: 404 Client Error: Not Found for url: https://www.psychologytoday.com/us/therapists?search=22274
22275,,,,,,False,404,https://www.psychologytoday.com/us/therapists?search=22275,Request error: 404 Client Error: Not Found for url: https://www.psychologytoday.com/us/therapists?search=22275
22276,,,,,,False,404,https://www.psychologytoday.com/us/therapists?search=22276,Request error: 404 Client Error: Not Found for url: https://www.psychologytoday.com/us/therapists?search=22276
22277,,,,,,False,404,https://www.psychologytoday.com/us/therapists?search=22277,Request error: 404 Client Error: Not Found for url: https://www.psychologytoday.com/us/therapists?search=22277
22278,,,,,,False,404,https://www.psychologytoday.com/us/therapists?search=22278,Request error: 404 Client Error: Not Found for url: https://www.psychologytoday.com/us/therapists?search=22278
22279,,,,,,False,404,https://www.psychologytoday.com/us/therapists?search=22279,Request error: 404 Client Error: Not Found for url: https://www.psychologytoday.com/us/therapists?search=22279
22280,,,,,,False,404,https://www.psychologytoday.com/us/therapists?search=22280,Request error: 404 Client Error: Not Found for url: https://www.psychologytoday.com/us/therapists?search=22280
22281,,,,,,False,404,https://www.psychologytoday.com/us/therapists?search=22281,Request error: 404 Client Error: Not Found for url: https://www.psychologytoday.com/us/therapists?search=22281
22282,,,,,,False,404,https://www.psychologytoday.com/us/therapists?search=22282,Request error: 404 Client Error: Not Found for url: https://www.psychologytoday.com/us/therapists?search=22282
22283,,,,,,False,404,https://www.psychologytoday.com/us/therapists?search=22283,Request error: 404 Client Error: Not Found for url: https://www.psychologytoday.com/us/therapists?search=22283
22284,,,,,,False,404,https://www.psychologytoday.com/us/therapists?search=22284,Request error: 404 Client Error: Not Found for url: https://www.psychologytoday.com/us/therapists?search=22284
22285,,,,,,False,404,https://www.psychologytoday.com/us/therapists?search=22285,Request error: 404 Client Error: Not Found for url: https://www.psychologytoday.com/us/therapists?search=22285
22286,,,,,,False,404,https://www.psychologytoday.com/us/therapists?search=22286,Request error: 404 Client Error: Not Found for url: https://www.psychologytoday.com/us/therapists?search=22286
22287,,,,,,False,404,https://www.psychologytoday.com/us/therapists?search=22287,Request error: 404 Client Error: Not Found for url: https://www.psychologytoday.com/us/therapists?search=22287
22288,,,,,,False,404,https://www.psychologytoday.com/us/therapists?search=22288,Request error: 404 Client Error: Not Found for url: https://www.psychologytoday.com/us/therapists?search=22288
22289,,,,,,False,404,https://www.psychologytoday.com/us/therapists?search=22289,Request error: 404 Client Error: Not Found for url: https://www.psychologytoday.com/us/therapists?search=22289
22290,,,,,,False,404,https://www.psychologytoday.com/us/therapists?search=22290,Request error: 404 Client Error: Not Found for url: https://www.psychologytoday.com/us/therapists?search=22290
22291,,,,,,False,404,https://www.psychologytoday.com/us/therapists?search=22291,Request error: 404 Client Error: Not Found for url: https://www.psychologytoday.com/us/therapists?search=22291
22292,,,,,,False,404,https://www.psychologytoday.com/us/therapists?search=22292,Request error: 404 Client Error: Not Found for url: https://www.psychologytoday.com/us/therapists?search=22292
22293,,,,,,False,404,https://www.psychologytoday.com/us/therapists?search=22293,Request error: 404 Client Error: Not Found for url: https://www.psychologytoday.com/us/therapists?search=22293
22294,,,,,,False,404,https://www.psychologytoday.com/us/therapists?search=22294,Request error: 404 Client Error: Not Found for url: https://www.psychologytoday.com/us/therapists?search=22294
22295,,,,,,False,404,https://www.psychologytoday.com/us/therapists?search=22295,Request error: 404 Client Error: Not Found for url: https://www.psychologytoday.com/us/therapists?search=22295
22296,,,,,,False,404,https://www.psychologytoday.com/us/therapists?search=22296,Request error: 404 Client Error: Not Found for url: https://www.psychologytoday.com/us/therapists?search=22296
22297,,,,,,False,404,https://www.psychologytoday.com/us/therapists?search=22297,Request error: 404 Client Error: Not Found for url: https://www.psychologytoday.com/us/therapists?search=22297
22298,,,,,,False,404,https://www.psychologytoday.com/us/therapists?search=22298,Request error: 404 Client Error: Not Found for url: https://www.psychologytoday.com/us/therapists?search=22298
22299,,,,,,False,404,https://www.psychologytoday.com/us/therapists?search=22299,Request error: 404 Client Error: Not Found for url: https://www.psychologytoday.com/us/therapists?search=22299
22300,,,,,,False,404,https://www.psychologytoday.com/us/therapists?search=22300,Request error: 404 Client Error: Not Found for url: https://www.psychologytoday.com/us/therapists?search=22300
22301,413,0,0,22301,Virginia,False,200,https://www.psychologytoday.com/us/therapists?search=22301,
22302,149,0,0,22302,Virginia,False,200,https://www.psychologytoday.com/us/therapists?search=22302,
22303,70,0,0,22303,Virginia,False,200,https://www.psychologytoday.com/us/therapists?search=22303,
22304,223,0,0,22304,Virginia,False,200,https://www.psychologytoday.com/us/therapists?search=22304,
22305,66,0,0,22305,Virginia,False,200,https://www.psychologytoday.com/us/therapists?search=22305,
22306,70,0,0,22306,Virginia,False,200,https://www.psychologytoday.com/us/therapists?search=22306,
22307,70,0,0,22307,Virginia,False,200,https://www.psychologytoday.com/us/therapists?search=22307,
22308,31,0,0,22308,Virginia,False,200,https://www.psychologytoday.com/us/therapists?search=22308,
22309,40,0,0,22309,Virginia,False,200,https://www.psychologytoday.com/us/therapists?search=22309,
22311,41,0,0,22311,Virginia,False,200,https://www.psychologytoday.com/us/therapists?search=22311,
22312,85,0,0,22312,Virginia,False,200,https://www.psychologytoday.com/us/therapists?search=22312,
22313,15,7612,0,22313,Virginia,False,200,https://www.psychologytoday.com/us/therapists?search=22313,
22314,829,0,0,22314,Virginia,False,200,https://www.psychologytoday.com/us/therapists?search=22314,
22315,67,0,0,22315,Virginia,False,200,https://www.psychologytoday.com/us/therapists?search=22315,
22316,,,,,,False,404,https://www.psychologytoday.com/us/therapists?search=22316,Request error: 404 Client Error: Not Found for url: https://www.psychologytoday.com/us/therapists?search=22316
22317,,,,,,False,404,https://www.psychologytoday.com/us/therapists?search=22317,Request error: 404 Client Error: Not Found for url: https://www.psychologytoday.com/us/therapists?search=22317
22318,,,,,,False,404,https://www.psychologytoday.com/us/therapists?search=22318,Request error: 404 Client Error: Not Found for url: https://www.psychologytoday.com/us/therapists?search=22318
22319,,,,,,False,404,https://www.psychologytoday.com/us/therapists?search=22319,Request error: 404 Client Error: Not Found for url: https://www.psychologytoday.com/us/therapists?search=22319
22320,10,7432,0,22320,Virginia,False,200,https://www.psychologytoday.com/us/therapists?search=22320,
22321,1,7389,0,22321,Virginia,False,200,https://www.psychologytoday.com/us/therapists?search=22321,
22322,,,,,,False,404,https://www.psychologytoday.com/us/therapists?search=22322,Request error: 404 Client Error: Not Found for url: https://www.psychologytoday.com/us/therapists?search=22322
22323,,,,,,False,404,https://www.psychologytoday.com/us/therapists?search=22323,Request error: 404 Client Error: Not Found for url: https://www.psychologytoday.com/us/therapists?search=22323
22324,,,,,,False,404,https://www.psychologytoday.com/us/therapists?search=22324,Request error: 404 Client Error: Not Found for url: https://www.psychologytoday.com/us/therapists?search=22324
22325,,,,,,False,404,https://www.psychologytoday.com/us/therapists?search=22325,Request error: 404 Client Error: Not Found for url: https://www.psychologytoday.com/us/therapists?search=22325
22326,,,,,,False,404,https://www.psychologytoday.com/us/therapists?search=22326,Request error: 404 Client Error: Not Found for url: https://www.psychologytoday.com/us/therapists?search=22326
22327,,,,,,False,404,https://www.psychologytoday.com/us/therapists?search=22327,Request error: 404 Client Error: Not Found for url: https://www.psychologytoday.com/us/therapists?search=22327
22328,,,,,,False,404,https://www.psychologytoday.com/us/therapists?search=22328,Request error: 404 Client Error: Not Found for url: https://www.psychologytoday.com/us/therapists?search=22328
22329,,,,,,False,404,https://www.psychologytoday.com/us/therapists?search=22329,Request error: 404 Client Error: Not Found for url: https://www.psychologytoday.com/us/therapists?search=22329
22330,,,,,,False,404,https://www.psychologytoday.com/us/therapists?search=22330,Request error: 404 Client Error: Not Found for url: https://www.psychologytoday.com/us/therapists?search=22330
22331,4,7450,0,22331,Virginia,False,200,https://www.psychologytoday.com/us/therapists?search=22331,
22332,1,7453,0,22332,Virginia,False,200,https://www.psychologytoday.com/us/therapists?search=22332,
22333,3,7585,0,22333,Virginia,False,200,https://www.psychologytoday.com/us/therapists?search=22333,
22334,2,7440,0,22334,Virginia,False,200,https://www.psychologytoday.com/us/therapists?search=22334,
22335,,,,,,False,404,https://www.psychologytoday.com/us/therapists?search=22335,Request error: 404 Client Error: Not Found for url: https://www.psychologytoday.com/us/therapists?search=22335
22336,2,7412,0,22336,Virginia,False,200,https://www.psychologytoday.com/us/therapists?search=22336,
22337,,,,,,False,404,https://www.psychologytoday.com/us/therapists?search=22337,Request error: 404 Client Error: Not Found for url: https://www.psychologytoday.com/us/therapists?search=22337
22338,,,,,,False,404,https://www.psychologytoday.com/us/therapists?search=22338,Request error: 404 Client Error: Not Found for url: https://www.psychologytoday.com/us/therapists?search=22338
22339,,,,,,False,404,https://www.psychologytoday.com/us/therapists?search=22339,Request error: 404 Client Error: Not Found for url: https://www.psychologytoday.com/us/therapists?search=22339
22340,,,,,,False,404,https://www.psychologytoday.com/us/therapists?search=22340,Request error: 404 Client Error: Not Found for url: https://www.psychologytoday.com/us/therapists?search=22340
22341,,,,,,False,404,https://www.psychologytoday.com/us/therapists?search=22341,Request error: 404 Client Error: Not Found for url: https://www.psychologytoday.com/us/therapists?search=22341
22342,,,,,,False,404,https://www.psychologytoday.com/us/therapists?search=22342,Request error: 404 Client Error: Not Found for url: https://www.psychologytoday.com/us/therapists?search=22342
22343,,,,,,False,404,https://www.psychologytoday.com/us/therapists?search=22343,Request error: 404 Client Error: Not Found for url: https://www.psychologytoday.com/us/therapists?search=22343
22344,,,,,,False,404,https://www.psychologytoday.com/us/therapists?search=22344,Request error: 404 Client Error: Not Found for url: https://www.psychologytoday.com/us/therapists?search=22344
22345,,,,,,False,404,https://www.psychologytoday.com/us/therapists?search=22345,Request error: 404 Client Error: Not Found for url: https://www.psychologytoday.com/us/therapists?search=22345
22346,,,,,,False,404,https://www.psychologytoday.com/us/therapists?search=22346,Request error: 404 Client Error: Not Found for url: https://www.psychologytoday.com/us/therapists?search=22346
22347,,,,,,False,404,https://www.psychologytoday.com/us/therapists?search=22347,Request error: 404 Client Error: Not Found for url: https://www.psychologytoday.com/us/therapists?search=22347
22348,,,,,,False,404,https://www.psychologytoday.com/us/therapists?search=22348,Request error: 404 Client Error: Not Found for url: https://www.psychologytoday.com/us/therapists?search=22348
22349,,,,,,False,404,https://www.psychologytoday.com/us/therapists?search=22349,Request error: 404 Client Error: Not Found for url: https://www.psychologytoday.com/us/therapists?search=22349
22350,,,,,,False,404,https://www.psychologytoday.com/us/therapists?search=22350,Request error: 404 Client Error: Not Found for url: https://www.psychologytoday.com/us/therapists?search=22350
22351,,,,,,False,404,https://www.psychologytoday.com/us/therapists?search=22351,Request error: 404 Client Error: Not Found for url: https://www.psychologytoday.com/us/therapists?search=22351
22352,,,,,,False,404,https://www.psychologytoday.com/us/therapists?search=22352,Request error: 404 Client Error: Not Found for url: https://www.psychologytoday.com/us/therapists?search=22352
22353,,,,,,False,404,https://www.psychologytoday.com/us/therapists?search=22353,Request error: 404 Client Error: Not Found for url: https://www.psychologytoday.com/us/therapists?search=22353
22354,,,,,,False,404,https://www.psychologytoday.com/us/therapists?search=22354,Request error: 404 Client Error: Not Found for url: https://www.psychologytoday.com/us/therapists?search=22354
22355,,,,,,False,404,https://www.psychologytoday.com/us/therapists?search=22355,Request error: 404 Client Error: Not Found for url: https://www.psychologytoday.com/us/therapists?search=22355
22356,,,,,,False,404,https://www.psychologytoday.com/us/therapists?search=22356,Request error: 404 Client Error: Not Found for url: https://www.psychologytoday.com/us/therapists?search=22356
22357,,,,,,False,404,https://www.psychologytoday.com/us/therapists?search=22357,Request error: 404 Client Error: Not Found for url: https://www.psychologytoday.com/us/therapists?search=22357
22358,,,,,,False,404,https://www.psychologytoday.com/us/therapists?search=22358,Request error: 404 Client Error: Not Found for url: https://www.psychologytoday.com/us/therapists?search=22358
22359,,,,,,False,404,https://www.psychologytoday.com/us/therapists?search=22359,Request error: 404 Client Error: Not Found for url: https://www.psychologytoday.com/us/therapists?search=22359
22360,,,,,,False,404,https://www.psychologytoday.com/us/therapists?search=22360,Request error: 404 Client Error: Not Found for url: https://www.psychologytoday.com/us/therapists?search=22360
22361,,,,,,False,404,https://www.psychologytoday.com/us/therapists?search=22361,Request error: 404 Client Error: Not Found for url: https://www.psychologytoday.com/us/therapists?search=22361
22362,,,,,,False,404,https://www.psychologytoday.com/us/therapists?search=22362,Request error: 404 Client Error: Not Found for url: https://www.psychologytoday.com/us/therapists?search=22362
22363,,,,,,False,404,https://www.psychologytoday.com/us/therapists?search=22363,Request error: 404 Client Error: Not Found for url: https://www.psychologytoday.com/us/therapists?search=22363
22401,227,0,0,22401,Virginia,False,200,https://www.psychologytoday.com/us/therapists?search=22401,
22405,68,0,0,22405,Virginia,False,200,https://www.psychologytoday.com/us/therapists?search=22405,
22406,48,0,0,22406,Virginia,False,200,https://www.psychologytoday.com/us/therapists?search=22406,
22407,116,0,0,22407,Virginia,False,200,https://www.psychologytoday.com/us/therapists?search=22407,
22408,57,0,0,22408,Virginia,False,200,https://www.psychologytoday.com/us/therapists?search=22408,
22427,3,807,0,22427,Virginia,False,200,https://www.psychologytoday.com/us/therapists?search=22427,
22432,1,47,0,22432,Virginia,False,200,https://www.psychologytoday.com/us/therapists?search=22432,
22433,0,873,0,22433,Virginia,False,200,https://www.psychologytoday.com/us/therapists?search=22433,
22435,0,46,0,22435,Virginia,False,200,https://www.psychologytoday.com/us/therapists?search=22435,
22436,0,105,0,22436,Virginia,False,200,https://www.psychologytoday.com/us/therapists?search=22436,
22437,0,157,0,22437,Virginia,False,200,https://www.psychologytoday.com/us/therapists?search=22437,
22438,0,94,0,22438,Virginia,False,200,https://www.psychologytoday.com/us/therapists?search=22438,
22443,2,618,0,22443,Virginia,False,200,https://www.psychologytoday.com/us/therapists?search=22443,
22448,0,1560,0,22448,Virginia,False,200,https://www.psychologytoday.com/us/therapists?search=22448,
22454,0,119,0,22454,Virginia,False,200,https://www.psychologytoday.com/us/therapists?search=22454,
22460,0,52,0,22460,Virginia,False,200,https://www.psychologytoday.com/us/therapists?search=22460,
22469,0,54,0,22469,Virginia,False,200,https://www.psychologytoday.com/us/therapists?search=22469,
22472,0,55,0,22472,Virginia,False,200,https://www.psychologytoday.com/us/therapists?search=22472,
22473,2,47,0,22473,Virginia,False,200,https://www.psychologytoday.com/us/therapists?search=22473,
22476,0,291,0,22476,Virginia,False,200,https://www.psychologytoday.com/us/therapists?search=22476,
22480,3,226,0,22480,Virginia,False,200,https://www.psychologytoday.com/us/therapists?search=22480,
22482,2,119,0,22482,Virginia,False,200,https://www.psychologytoday.com/us/therapists?search=22482,
22485,17,1344,0,22485,Virginia,False,200,https://www.psychologytoday.com/us/therapists?search=22485,
22488,1,38,0,22488,Virginia,False,200,https://www.psychologytoday.com/us/therapists?search=22488,
22503,10,116,0,22503,Virginia,False,200,https://www.psychologytoday.com/us/therapists?search=22503,
22504,0,160,0,22504,Virginia,False,200,https://www.psychologytoday.com/us/therapists?search=22504,
22508,9,967,0,22508,Virginia,False,200,https://www.psychologytoday.com/us/therapists?search=22508,
22509,0,145,0,22509,Virginia,False,200,https://www.psychologytoday.com/us/therapists?search=22509,
22511,0,45,0,22511,Virginia,False,200,https://www.psychologytoday.com/us/therapists?search=22511,
22514,1,1358,0,22514,Virginia,False,200,https://www.psychologytoday.com/us/therapists?search=22514,
22520,2,51,0,22520,Virginia,False,200,https://www.psychologytoday.com/us/therapists?search=22520,
22529,0,53,0,22529,Virginia,False,200,https://www.psychologytoday.com/us/therapists?search=22529,
22534,0,1023,0,22534,Virginia,False,200,https://www.psychologytoday.com/us/therapists?search=22534,
22535,1,726,0,22535,Virginia,False,200,https://www.psychologytoday.com/us/therapists?search=22535,
22538,0,784,0,22538,Virginia,False,200,https://www.psychologytoday.com/us/therapists?search=22538,
22539,0,43,0,22539,Virginia,False,200,https://www.psychologytoday.com/us/therapists?search=22539,
22542,0,832,0,22542,Virginia,False,200,https://www.psychologytoday.com/us/therapists?search=22542,
22546,20,0,0,22546,Virginia,False,200,https://www.psychologytoday.com/us/therapists?search=22546,
22548,0,122,0,22548,Virginia,False,200,https://www.psychologytoday.com/us/therapists?search=22548,
22551,35,0,0,22551,Virginia,False,200,https://www.psychologytoday.com/us/therapists?search=22551,
22553,38,0,0,22553,Virginia,False,200,https://www.psychologytoday.com/us/therapists?search=22553,
22554,222,0,0,22554,Virginia,False,200,https://www.psychologytoday.com/us/therapists?search=22554,
22556,27,0,0,22556,Virginia,False,200,https://www.psychologytoday.com/us/therapists?search=22556,
22560,8,120,0,22560,Virginia,False,200,https://www.psychologytoday.com/us/therapists?search=22560,
22567,0,676,0,22567,Virginia,False,200,https://www.psychologytoday.com/us/therapists?search=22567,
22572,3,67,0,22572,Virginia,False,200,https://www.psychologytoday.com/us/therapists?search=22572,
22576,0,171,0,22576,Virginia,False,200,https://www.psychologytoday.com/us/therapists?search=22576,
22578,2,158,0,22578,Virginia,False,200,https://www.psychologytoday.com/us/therapists?search=22578,
22580,0,1031,0,22580,Virginia,False,200,https://www.psychologytoday.com/us/therapists?search=22580,
22601,109,0,0,22601,Virginia,False,200,https://www.psychologytoday.com/us/therapists?search=22601,
22602,96,0,0,22602,Virginia,False,200,https://www.psychologytoday.com/us/therapists?search=22602,
22603,26,0,0,22603,Virginia,False,200,https://www.psychologytoday.com/us/therapists?search=22603,
22610,2,481,0,22610,Virginia,False,200,https://www.psychologytoday.com/us/therapists?search=22610,
22611,25,0,0,22611,Virginia,False,200,https://www.psychologytoday.com/us/therapists?search=22611,
22620,1,1587,0,22620,Virginia,False,200,https://www.psychologytoday.com/us/therapists?search=22620,
22623,0,704,0,22623,Virginia,False,200,https://www.psychologytoday.com/us/therapists?search=22623,
22624,1,462,0,22624,Virginia,False,200,https://www.psychologytoday.com/us/therapists?search=22624,
22625,0,233,0,22625,Virginia,False,200,https://www.psychologytoday.com/us/therapists?search=22625,
22627,1,602,0,22627,Virginia,False,200,https://www.psychologytoday.com/us/therapists?search=22627,
22630,40,0,0,22630,Virginia,False,200,https://www.psychologytoday.com/us/therapists?search=22630,
22637,0,261,0,22637,Virginia,False,200,https://www.psychologytoday.com/us/therapists?search=22637,
22639,0,1756,0,22639,Virginia,False,200,https://www.psychologytoday.com/us/therapists?search=22639,
22640,1,692,0,22640,Virginia,False,200,https://www.psychologytoday.com/us/therapists?search=22640,
22641,3,310,0,22641,Virginia,False,200,https://www.psychologytoday.com/us/therapists?search=22641,
22642,4,1162,0,22642,Virginia,False,200,https://www.psychologytoday.com/us/therapists?search=22642,
22643,0,1973,0,22643,Virginia,False,200,https://www.psychologytoday.com/us/therapists?search=22643,
22644,0,318,0,22644,Virginia,False,200,https://www.psychologytoday.com/us/therapists?search=22644,
22645,1,372,0,22645,Virginia,False,200,https://www.psychologytoday.com/us/therapists?search=22645,
22646,0,1564,0,22646,Virginia,False,200,https://www.psychologytoday.com/us/therapists?search=22646,
22650,0,315,0,22650,Virginia,False,200,https://www.psychologytoday.com/us/therapists?search=22650,
22652,0,310,0,22652,Virginia,False,200,https://www.psychologytoday.com/us/therapists?search=22652,
22654,1,287,0,22654,Virginia,False,200,https://www.psychologytoday.com/us/therapists?search=22654,
22655,33,0,0,22655,Virginia,False,200,https://www.psychologytoday.com/us/therapists?search=22655,
22656,2,787,0,22656,Virginia,False,200,https://www.psychologytoday.com/us/therapists?search=22656,
22657,6,316,0,22657,Virginia,False,200,https://www.psychologytoday.com/us/therapists?search=22657,
22660,1,317,0,22660,Virginia,False,200,https://www.psychologytoday.com/us/therapists?search=22660,
22663,1,875,0,22663,Virginia,False,200,https://www.psychologytoday.com/us/therapists?search=22663,
22664,11,272,0,22664,Virginia,False,200,https://www.psychologytoday.com/us/therapists?search=22664,
22701,73,0,0,22701,Virginia,False,200,https://www.psychologytoday.com/us/therapists?search=22701,
22709,0,1020,0,22709,Virginia,False,200,https://www.psychologytoday.com/us/therapists?search=22709,
22711,0,396,0,22711,Virginia,False,200,https://www.psychologytoday.com/us/therapists?search=22711,
22712,4,2338,0,22712,Virginia,False,200,https://www.psychologytoday.com/us/therapists?search=22712,
22713,0,337,0,22713,Virginia,False,200,https://www.psychologytoday.com/us/therapists?search=22713,
22714,0,1264,0,22714,Virginia,False,200,https://www.psychologytoday.com/us/therapists?search=22714,
22715,0,469,0,22715,Virginia,False,200,https://www.psychologytoday.com/us/therapists?search=22715,
22716,0,388,0,22716,Virginia,False,200,https://www.psychologytoday.com/us/therapists?search=22716,
22718,0,1648,0,22718,Virginia,False,200,https://www.psychologytoday.com/us/therapists?search=22718,
22719,0,345,0,22719,Virginia,False,200,https://www.psychologytoday.com/us/therapists?search=22719,
22720,0,2604,0,22720,Virginia,False,200,https://www.psychologytoday.com/us/therapists?search=22720,
22722,0,300,0,22722,Virginia,False,200,https://www.psychologytoday.com/us/therapists?search=22722,
22723,0,1219,0,22723,Virginia,False,200,https://www.psychologytoday.com/us/therapists?search=22723,
22724,2,1307,0,22724,Virginia,False,200,https://www.psychologytoday.com/us/therapists?search=22724,
22725,0,306,0,22725,Virginia,False,200,https://www.psychologytoday.com/us/therapists?search=22725,
22726,0,1038,0,22726,Virginia,False,200,https://www.psychologytoday.com/us/therapists?search=22726,
22727,5,1023,0,22727,Virginia,False,200,https://www.psychologytoday.com/us/therapists?search=22727,
22728,0,3454,0,22728,Virginia,False,200,https://www.psychologytoday.com/us/therapists?search=22728,
22729,0,660,0,22729,Virginia,False,200,https://www.psychologytoday.com/us/therapists?search=22729,
22730,0,1015,0,22730,Virginia,False,200,https://www.psychologytoday.com/us/therapists?search=22730,
22731,0,1017,0,22731,Virginia,False,200,https://www.psychologytoday.com/us/therapists?search=22731,
22732,0,1080,0,22732,Virginia,False,200,https://www.psychologytoday.com/us/therapists?search=22732,
22733,0,564,0,22733,Virginia,False,200,https://www.psychologytoday.com/us/therapists?search=22733,
22734,1,2347,0,22734,Virginia,False,200,https://www.psychologytoday.com/us/therapists?search=22734,
22735,1,305,0,22735,Virginia,False,200,https://www.psychologytoday.com/us/therapists?search=22735,
22736,2,1749,0,22736,Virginia,False,200,https://www.psychologytoday.com/us/therapists?search=22736,
22737,6,542,0,22737,Virginia,False,200,https://www.psychologytoday.com/us/therapists?search=22737,
22738,5,1012,0,22738,Virginia,False,200,https://www.psychologytoday.com/us/therapists?search=22738,
22740,3,349,0,22740,Virginia,False,200,https://www.psychologytoday.com/us/therapists?search=22740,
22741,0,1064,0,22741,Virginia,False,200,https://www.psychologytoday.com/us/therapists?search=22741,
22742,0,2043,0,22742,Virginia,False,200,https://www.psychologytoday.com/us/therapists?search=22742,
22743,0,443,0,22743,Virginia,False,200,https://www.psychologytoday.com/us/therapists?search=22743,
22746,0,659,0,22746,Virginia,False,200,https://www.psychologytoday.com/us/therapists?search=22746,
22747,6,475,0,22747,Virginia,False,200,https://www.psychologytoday.com/us/therapists?search=22747,
22749,0,360,0,22749,Virginia,False,200,https://www.psychologytoday.com/us/therapists?search=22749,
22801,206,0,0,22801,Virginia,False,200,https://www.psychologytoday.com/us/therapists?search=22801,
22802,75,0,0,22802,Virginia,False,200,https://www.psychologytoday.com/us/therapists?search=22802,
22807,21,0,0,22807,Virginia,False,200,https://www.psychologytoday.com/us/therapists?search=22807,
22810,0,312,0,22810,Virginia,False,200,https://www.psychologytoday.com/us/therapists?search=22810,
22811,0,302,0,22811,Virginia,False,200,https://www.psychologytoday.com/us/therapists?search=22811,
22812,16,471,0,22812,Virginia,False,200,https://www.psychologytoday.com/us/therapists?search=22812,
22815,16,301,0,22815,Virginia,False,200,https://www.psychologytoday.com/us/therapists?search=22815,
22820,0,304,0,22820,Virginia,False,200,https://www.psychologytoday.com/us/therapists?search=22820,
22821,3,478,0,22821,Virginia,False,200,https://www.psychologytoday.com/us/therapists?search=22821,
22824,2,227,0,22824,Virginia,False,200,https://www.psychologytoday.com/us/therapists?search=22824,
22827,3,1183,0,22827,Virginia,False,200,https://www.psychologytoday.com/us/therapists?search=22827,
22830,0,310,0,22830,Virginia,False,200,https://www.psychologytoday.com/us/therapists?search=22830,
22831,0,412,0,22831,Virginia,False,200,https://www.psychologytoday.com/us/therapists?search=22831,
22832,0,666,0,22832,Virginia,False,200,https://www.psychologytoday.com/us/therapists?search=22832,
22834,1,365,0,22834,Virginia,False,200,https://www.psychologytoday.com/us/therapists?search=22834,
22835,9,451,0,22835,Virginia,False,200,https://www.psychologytoday.com/us/therapists?search=22835,
22840,3,1186,0,22840,Virginia,False,200,https://www.psychologytoday.com/us/therapists?search=22840,
22841,2,685,0,22841,Virginia,False,200,https://www.psychologytoday.com/us/therapists?search=22841,
22842,2,349,0,22842,Virginia,False,200,https://www.psychologytoday.com/us/therapists?search=22842,
22843,0,486,0,22843,Virginia,False,200,https://www.psychologytoday.com/us/therapists?search=22843,
22844,7,325,0,22844,Virginia,False,200,https://www.psychologytoday.com/us/therapists?search=22844,
22845,0,310,0,22845,Virginia,False,200,https://www.psychologytoday.com/us/therapists?search=22845,
22846,1,1147,0,22846,Virginia,False,200,https://www.psychologytoday.com/us/therapists?search=22846,
22847,0,321,0,22847,Virginia,False,200,https://www.psychologytoday.com/us/therapists?search=22847,
22849,2,464,0,22849,Virginia,False,200,https://www.psychologytoday.com/us/therapists?search=22849,
22850,0,371,0,22850,Virginia,False,200,https://www.psychologytoday.com/us/therapists?search=22850,
22851,0,455,0,22851,Virginia,False,200,https://www.psychologytoday.com/us/therapists?search=22851,
22853,0,312,0,22853,Virginia,False,200,https://www.psychologytoday.com/us/therapists?search=22853,
22901,303,0,0,22901,Virginia,False,200,https://www.psychologytoday.com/us/therapists?search=22901,
22902,320,0,0,22902,Virginia,False,200,https://www.psychologytoday.com/us/therapists?search=22902,
22903,266,0,0,22903,Virginia,False,200,https://www.psychologytoday.com/us/therapists?search=22903,
22904,43,0,0,22904,Virginia,False,200,https://www.psychologytoday.com/us/therapists?search=22904,
22908,9,986,0,22908,Virginia,False,200,https://www.psychologytoday.com/us/therapists?search=22908,
22911,92,0,0,22911,Virginia,False,200,https://www.psychologytoday.com/us/therapists?search=22911,
22920,7,1014,0,22920,Virginia,False,200,https://www.psychologytoday.com/us/therapists?search=22920,
22922,0,559,0,22922,Virginia,False,200,https://www.psychologytoday.com/us/therapists?search=22922,
22923,4,997,0,22923,Virginia,False,200,https://www.psychologytoday.com/us/therapists?search=22923,
22931,1,1021,0,22931,Virginia,False,200,https://www.psychologytoday.com/us/therapists?search=22931,
22932,81,0,0,22932,Virginia,False,200,https://www.psychologytoday.com/us/therapists?search=22932,
22935,1,1224,0,22935,Virginia,False,200,https://www.psychologytoday.com/us/therapists?search=22935,
22936,17,1169,0,22936,Virginia,False,200,https://www.psychologytoday.com/us/therapists?search=22936,
22937,0,965,0,22937,Virginia,False,200,https://www.psychologytoday.com/us/therapists?search=22937,
22938,0,1018,0,22938,Virginia,False,200,https://www.psychologytoday.com/us/therapists?search=22938,
22939,17,1154,0,22939,Virginia,False,200,https://www.psychologytoday.com/us/therapists?search=22939,
22940,2,1224,0,22940,Virginia,False,200,https://www.psychologytoday.com/us/therapists?search=22940,
22942,5,1035,0,22942,Virginia,False,200,https://www.psychologytoday.com/us/therapists?search=22942,
22943,2,1191,0,22943,Virginia,False,200,https://www.psychologytoday.com/us/therapists?search=22943,
22946,0,977,0,22946,Virginia,False,200,https://www.psychologytoday.com/us/therapists?search=22946,
22947,12,949,0,22947,Virginia,False,200,https://www.psychologytoday.com/us/therapists?search=22947,
22948,0,954,0,22948,Virginia,False,200,https://www.psychologytoday.com/us/therapists?search=22948,
22949,0,1032,0,22949,Virginia,False,200,https://www.psychologytoday.com/us/therapists?search=22949,
22952,1,1052,0,22952,Virginia,False,200,https://www.psychologytoday.com/us/therapists?search=22952,
22957,0,1057,0,22957,Virginia,False,200,https://www.psychologytoday.com/us/therapists?search=22957,
22958,3,990,0,22958,Virginia,False,200,https://www.psychologytoday.com/us/therapists?search=22958,
22959,2,1025,0,22959,Virginia,False,200,https://www.psychologytoday.com/us/therapists?search=22959,
22960,13,1108,0,22960,Virginia,False,200,https://www.psychologytoday.com/us/therapists?search=22960,
22963,36,0,0,22963,Virginia,False,200,https://www.psychologytoday.com/us/therapists?search=22963,
22964,0,604,0,22964,Virginia,False,200,https://www.psychologytoday.com/us/therapists?search=22964,
22967,1,595,0,22967,Virginia,False,200,https://www.psychologytoday.com/us/therapists?search=22967,
22968,22,0,0,22968,Virginia,False,200,https://www.psychologytoday.com/us/therapists?search=22968,
22969,0,961,0,22969,Virginia,False,200,https://www.psychologytoday.com/us/therapists?search=22969,
22971,0,1032,0,22971,Virginia,False,200,https://www.psychologytoday.com/us/therapists?search=22971,
22972,1,1008,0,22972,Virginia,False,200,https://www.psychologytoday.com/us/therapists?search=22972,
22973,5,1240,0,22973,Virginia,False,200,https://www.psychologytoday.com/us/therapists?search=22973,
22974,5,962,0,22974,Virginia,False,200,https://www.psychologytoday.com/us/therapists?search=22974,
22976,0,401,0,22976,Virginia,False,200,https://www.psychologytoday.com/us/therapists?search=22976,
22980,68,0,0,22980,Virginia,False,200,https://www.psychologytoday.com/us/therapists?search=22980,
22989,1,1182,0,22989,Virginia,False,200,https://www.psychologytoday.com/us/therapists?search=22989,
23002,23,0,0,23002,Virginia,False,200,https://www.psychologytoday.com/us/therapists?search=23002,
23004,2,967,0,23004,Virginia,False,200,https://www.psychologytoday.com/us/therapists?search=23004,
23005,66,0,0,23005,Virginia,False,200,https://www.psychologytoday.com/us/therapists?search=23005,
23009,4,2842,0,23009,Virginia,False,200,https://www.psychologytoday.com/us/therapists?search=23009,
23011,0,828,0,23011,Virginia,False,200,https://www.psychologytoday.com/us/therapists?search=23011,
23015,2,3385,0,23015,Virginia,False,200,https://www.psychologytoday.com/us/therapists?search=23015,
23021,0,1071,0,23021,Virginia,False,200,https://www.psychologytoday.com/us/therapists?search=23021,
23022,0,956,0,23022,Virginia,False,200,https://www.psychologytoday.com/us/therapists?search=23022,
23023,0,511,0,23023,Virginia,False,200,https://www.psychologytoday.com/us/therapists?search=23023,
23024,4,2333,0,23024,Virginia,False,200,https://www.psychologytoday.com/us/therapists?search=23024,
23025,0,1039,0,23025,Virginia,False,200,https://www.psychologytoday.com/us/therapists?search=23025,
23027,1,788,0,23027,Virginia,False,200,https://www.psychologytoday.com/us/therapists?search=23027,
23030,2,3299,0,23030,Virginia,False,200,https://www.psychologytoday.com/us/therapists?search=23030,
23032,0,490,0,23032,Virginia,False,200,https://www.psychologytoday.com/us/therapists?search=23032,
23035,3,748,0,23035,Virginia,False,200,https://www.psychologytoday.com/us/therapists?search=23035,
23038,1,860,0,23038,Virginia,False,200,https://www.psychologytoday.com/us/therapists?search=23038,
23039,0,3316,0,23039,Virginia,False,200,https://www.psychologytoday.com/us/therapists?search=23039,
23040,2,187,0,23040,Virginia,False,200,https://www.psychologytoday.com/us/therapists?search=23040,
23043,0,529,0,23043,Virginia,False,200,https://www.psychologytoday.com/us/therapists?search=23043,
23045,0,998,0,23045,Virginia,False,200,https://www.psychologytoday.com/us/therapists?search=23045,
23047,0,3351,0,23047,Virginia,False,200,https://www.psychologytoday.com/us/therapists?search=23047,
23050,0,858,0,23050,Virginia,False,200,https://www.psychologytoday.com/us/therapists?search=23050,
23055,4,956,0,23055,Virginia,False,200,https://www.psychologytoday.com/us/therapists?search=23055,
23056,2,1075,0,23056,Virginia,False,200,https://www.psychologytoday.com/us/therapists?search=23056,
23059,157,0,0,23059,Virginia,False,200,https://www.psychologytoday.com/us/therapists?search=23059,
23060,171,0,0,23060,Virginia,False,200,https://www.psychologytoday.com/us/therapists?search=23060,
23061,34,0,0,23061,Virginia,False,200,https://www.psychologytoday.com/us/therapists?search=23061,
23062,0,1540,0,23062,Virginia,False,200,https://www.psychologytoday.com/us/therapists?search=23062,
23063,20,0,0,23063,Virginia,False,200,https://www.psychologytoday.com/us/therapists?search=23063,
23065,0,2287,0,23065,Virginia,False,200,https://www.psychologytoday.com/us/therapists?search=23065,
23066,0,660,0,23066,Virginia,False,200,https://www.psychologytoday.com/us/therapists?search=23066,
23068,0,804,0,23068,Virginia,False,200,https://www.psychologytoday.com/us/therapists?search=23068,
23069,11,3254,0,23069,Virginia,False,200,https://www.psychologytoday.com/us/therapists?search=23069,
23070,1,624,0,23070,Virginia,False,200,https://www.psychologytoday.com/us/therapists?search=23070,
23071,1,625,0,23071,Virginia,False,200,https://www.psychologytoday.com/us/therapists?search=23071,
23072,6,1362,0,23072,Virginia,False,200,https://www.psychologytoday.com/us/therapists?search=23072,
23075,31,0,0,23075,Virginia,False,200,https://www.psychologytoday.com/us/therapists?search=23075,
23076,1,935,0,23076,Virginia,False,200,https://www.psychologytoday.com/us/therapists?search=23076,
23079,0,252,0,23079,Virginia,False,200,https://www.psychologytoday.com/us/therapists?search=23079,
23081,27,0,0,23081,Virginia,False,200,https://www.psychologytoday.com/us/therapists?search=23081,
23083,0,736,0,23083,Virginia,False,200,https://www.psychologytoday.com/us/therapists?search=23083,
23084,1,1024,0,23084,Virginia,False,200,https://www.psychologytoday.com/us/therapists?search=23084,
23085,1,394,0,23085,Virginia,False,200,https://www.psychologytoday.com/us/therapists?search=23085,
23086,4,2914,0,23086,Virginia,False,200,https://www.psychologytoday.com/us/therapists?search=23086,
23089,2,1169,0,23089,Virginia,False,200,https://www.psychologytoday.com/us/therapists?search=23089,
23091,0,585,0,23091,Virginia,False,200,https://www.psychologytoday.com/us/therapists?search=23091,
23092,0,508,0,23092,Virginia,False,200,https://www.psychologytoday.com/us/therapists?search=23092,
23093,18,1027,0,23093,Virginia,False,200,https://www.psychologytoday.com/us/therapists?search=23093,
23102,3,3274,0,23102,Virginia,False,200,https://www.psychologytoday.com/us/therapists?search=23102,
23103,17,3307,0,23103,Virginia,False,200,https://www.psychologytoday.com/us/therapists?search=23103,
23106,12,3158,0,23106,Virginia,False,200,https://www.psychologytoday.com/us/therapists?search=23106,
23108,0,546,0,23108,Virginia,False,200,https://www.psychologytoday.com/us/therapists?search=23108,
23109,2,1031,0,23109,Virginia,False,200,https://www.psychologytoday.com/us/therapists?search=23109,
23110,1,518,0,23110,Virginia,False,200,https://www.psychologytoday.com/us/therapists?search=23110,
23111,87,0,0,23111,Virginia,False,200,https://www.psychologytoday.com/us/therapists?search=23111,
23112,290,0,0,23112,Virginia,False,200,https://www.psychologytoday.com/us/therapists?search=23112,
23113,171,0,0,23113,Virginia,False,200,https://www.psychologytoday.com/us/therapists?search=23113,
23114,92,0,0,23114,Virginia,False,200,https://www.psychologytoday.com/us/therapists?search=23114,
23116,87,0,0,23116,Virginia,False,200,https://www.psychologytoday.com/us/therapists?search=23116,
23117,2,743,0,23117,Virginia,False,200,https://www.psychologytoday.com/us/therapists?search=23117,
23119,0,989,0,23119,Virginia,False,200,https://www.psychologytoday.com/us/therapists?search=23119,
23120,23,0,0,23120,Virginia,False,200,https://www.psychologytoday.com/us/therapists?search=23120,
23123,0,892,0,23123,Virginia,False,200,https://www.psychologytoday.com/us/therapists?search=23123,
23124,15,3365,0,23124,Virginia,False,200,https://www.psychologytoday.com/us/therapists?search=23124,
23126,1,1995,0,23126,Virginia,False,200,https://www.psychologytoday.com/us/therapists?search=23126,
23128,1,913,0,23128,Virginia,False,200,https://www.psychologytoday.com/us/therapists?search=23128,
23129,9,3296,0,23129,Virginia,False,200,https://www.psychologytoday.com/us/therapists?search=23129,
23130,1,1039,0,23130,Virginia,False,200,https://www.psychologytoday.com/us/therapists?search=23130,
23138,1,1123,0,23138,Virginia,False,200,https://www.psychologytoday.com/us/therapists?search=23138,
23139,30,0,0,23139,Virginia,False,200,https://www.psychologytoday.com/us/therapists?search=23139,
23140,4,3255,0,23140,Virginia,False,200,https://www.psychologytoday.com/us/therapists?search=23140,
23141,9,3526,0,23141,Virginia,False,200,https://www.psychologytoday.com/us/therapists?search=23141,
23146,2,3336,0,23146,Virginia,False,200,https://www.psychologytoday.com/us/therapists?search=23146,
23147,0,2513,0,23147,Virginia,False,200,https://www.psychologytoday.com/us/therapists?search=23147,
23148,0,526,0,23148,Virginia,False,200,https://www.psychologytoday.com/us/therapists?search=23148,
23149,4,540,0,23149,Virginia,False,200,https://www.psychologytoday.com/us/therapists?search=23149,
23150,6,3398,0,23150,Virginia,False,200,https://www.psychologytoday.com/us/therapists?search=23150,
23153,1,3045,0,23153,Virginia,False,200,https://www.psychologytoday.com/us/therapists?search=23153,
23156,0,548,0,23156,Virginia,False,200,https://www.psychologytoday.com/us/therapists?search=23156,
23160,0,3311,0,23160,Virginia,False,200,https://www.psychologytoday.com/us/therapists?search=23160,
23161,0,1088,0,23161,Virginia,False,200,https://www.psychologytoday.com/us/therapists?search=23161,
23163,0,1129,0,23163,Virginia,False,200,https://www.psychologytoday.com/us/therapists?search=23163,
23168,24,0,0,23168,Virginia,False,200,https://www.psychologytoday.com/us/therapists?search=23168,
23169,0,490,0,23169,Virginia,False,200,https://www.psychologytoday.com/us/therapists?search=23169,
23173,289,0,0,23173,Virginia,False,200,https://www.psychologytoday.com/us/therapists?search=23173,
23175,4,481,0,23175,Virginia,False,200,https://www.psychologytoday.com/us/therapists?search=23175,
23176,0,509,0,23176,Virginia,False,200,https://www.psychologytoday.com/us/therapists?search=23176,
23177,0,1952,0,23177,Virginia,False,200,https://www.psychologytoday.com/us/therapists?search=23177,
23180,3,237,0,23180,Virginia,False,200,https://www.psychologytoday.com/us/therapists?search=23180,
23181,2,659,0,23181,Virginia,False,200,https://www.psychologytoday.com/us/therapists?search=23181,
23185,266,0,0,23185,Virginia,False,200,https://www.psychologytoday.com/us/therapists?search=23185,
23188,135,0,0,23188,Virginia,False,200,https://www.psychologytoday.com/us/therapists?search=23188,
23192,2,3292,0,23192,Virginia,False,200,https://www.psychologytoday.com/us/therapists?search=23192,
23219,191,0,0,23219,Virginia,False,200,https://www.psychologytoday.com/us/therapists?search=23219,
23220,467,0,0,23220,Virginia,False,200,https://www.psychologytoday.com/us/therapists?search=23220,
23221,187,0,0,23221,Virginia,False,200,https://www.psychologytoday.com/us/therapists?search=23221,
23222,112,0,0,23222,Virginia,False,200,https://www.psychologytoday.com/us/therapists?search=23222,
23223,213,0,0,23223,Virginia,False,200,https://www.psychologytoday.com/us/therapists?search=23223,
23224,70,0,0,23224,Virginia,False,200,https://www.psychologytoday.com/us/therapists?search=23224,
23225,174,0,0,23225,Virginia,False,200,https://www.psychologytoday.com/us/therapists?search=23225,
23226,162,0,0,23226,Virginia,False,200,https://www.psychologytoday.com/us/therapists?search=23226,
23227,79,0,0,23227,Virginia,False,200,https://www.psychologytoday.com/us/therapists?search=23227,
23228,135,0,0,23228,Virginia,False,200,https://www.psychologytoday.com/us/therapists?search=23228,
23229,233,0,0,23229,Virginia,False,200,https://www.psychologytoday.com/us/therapists?search=23229,
23230,231,0,0,23230,Virginia,False,200,https://www.psychologytoday.com/us/therapists?search=23230,
23231,88,0,0,23231,Virginia,False,200,https://www.psychologytoday.com/us/therapists?search=23231,
23233,163,0,0,23233,Virginia,False,200,https://www.psychologytoday.com/us/therapists?search=23233,
23234,71,0,0,23234,Virginia,False,200,https://www.psychologytoday.com/us/therapists?search=23234,
23235,265,0,0,23235,Virginia,False,200,https://www.psychologytoday.com/us/therapists?search=23235,
23236,185,0,0,23236,Virginia,False,200,https://www.psychologytoday.com/us/therapists?search=23236,
23237,17,3372,0,23237,Virginia,False,200,https://www.psychologytoday.com/us/therapists?search=23237,
23238,73,0,0,23238,Virginia,False,200,https://www.psychologytoday.com/us/therapists?search=23238,
23250,0,3388,0,23250,Virginia,False,200,https://www.psychologytoday.com/us/therapists?search=23250,
23284,39,0,0,23284,Virginia,False,200,https://www.psychologytoday.com/us/therapists?search=23284,
23294,139,0,0,23294,Virginia,False,200,https://www.psychologytoday.com/us/therapists?search=23294,
23298,12,3376,0,23298,Virginia,False,200,https://www.psychologytoday.com/us/therapists?search=23298,
23301,11,24,0,23301,Virginia,False,200,https://www.psychologytoday.com/us/therapists?search=23301,
23302,0,33,0,23302,Virginia,False,200,https://www.psychologytoday.com/us/therapists?search=23302,
23303,1,31,0,23303,Virginia,False,200,https://www.psychologytoday.com/us/therapists?search=23303,
23304,0,2962,0,23304,Virginia,False,200,https://www.psychologytoday.com/us/therapists?search=23304,
23306,1,73,0,23306,Virginia,False,200,https://www.psychologytoday.com/us/therapists?search=23306,
23307,0,85,0,23307,Virginia,False,200,https://www.psychologytoday.com/us/therapists?search=23307,
23308,0,34,0,23308,Virginia,False,200,https://www.psychologytoday.com/us/therapists?search=23308,
23310,11,942,0,23310,Virginia,False,200,https://www.psychologytoday.com/us/therapists?search=23310,
23314,14,3159,0,23314,Virginia,False,200,https://www.psychologytoday.com/us/therapists?search=23314,
23315,1,668,0,23315,Virginia,False,200,https://www.psychologytoday.com/us/therapists?search=23315,
23316,0,922,0,23316,Virginia,False,200,https://www.psychologytoday.com/us/therapists?search=23316,
23320,389,0,0,23320,Virginia,False,200,https://www.psychologytoday.com/us/therapists?search=23320,
23321,111,0,0,23321,Virginia,False,200,https://www.psychologytoday.com/us/therapists?search=23321,
23322,198,0,0,23322,Virginia,False,200,https://www.psychologytoday.com/us/therapists?search=23322,
23323,97,0,0,23323,Virginia,False,200,https://www.psychologytoday.com/us/therapists?search=23323,
23324,30,0,0,23324,Virginia,False,200,https://www.psychologytoday.com/us/therapists?search=23324,
23325,18,3079,0,23325,Virginia,False,200,https://www.psychologytoday.com/us/therapists?search=23325,
23336,4,25,0,23336,Virginia,False,200,https://www.psychologytoday.com/us/therapists?search=23336,
23337,0,33,0,23337,Virginia,False,200,https://www.psychologytoday.com/us/therapists?search=23337,
23347,0,112,0,23347,Virginia,False,200,https://www.psychologytoday.com/us/therapists?search=23347,
23350,0,72,0,23350,Virginia,False,200,https://www.psychologytoday.com/us/therapists?search=23350,
23354,1,71,0,23354,Virginia,False,200,https://www.psychologytoday.com/us/therapists?search=23354,
23356,1,27,0,23356,Virginia,False,200,https://www.psychologytoday.com/us/therapists?search=23356,
23357,0,34,0,23357,Virginia,False,200,https://www.psychologytoday.com/us/therapists?search=23357,
23358,0,48,0,23358,Virginia,False,200,https://www.psychologytoday.com/us/therapists?search=23358,
23359,0,33,0,23359,Virginia,False,200,https://www.psychologytoday.com/us/therapists?search=23359,
23389,0,41,0,23389,Virginia,False,200,https://www.psychologytoday.com/us/therapists?search=23389,
23395,0,31,0,23395,Virginia,False,200,https://www.psychologytoday.com/us/therapists?search=23395,
23398,0,77,0,23398,Virginia,False,200,https://www.psychologytoday.com/us/therapists?search=23398,
23401,4,37,0,23401,Virginia,False,200,https://www.psychologytoday.com/us/therapists?search=23401,
23405,0,85,0,23405,Virginia,False,200,https://www.psychologytoday.com/us/therapists?search=23405,
23407,0,33,0,23407,Virginia,False,200,https://www.psychologytoday.com/us/therapists?search=23407,
23408,0,70,0,23408,Virginia,False,200,https://www.psychologytoday.com/us/therapists?search=23408,
23409,0,33,0,23409,Virginia,False,200,https://www.psychologytoday.com/us/therapists?search=23409,
23410,1,41,0,23410,Virginia,False,200,https://www.psychologytoday.com/us/therapists?search=23410,
23413,1,69,0,23413,Virginia,False,200,https://www.psychologytoday.com/us/therapists?search=23413,
23414,1,32,0,23414,Virginia,False,200,https://www.psychologytoday.com/us/therapists?search=23414,
23415,3,28,0,23415,Virginia,False,200,https://www.psychologytoday.com/us/therapists?search=23415,
23416,0,32,0,23416,Virginia,False,200,https://www.psychologytoday.com/us/therapists?search=23416,
23417,4,32,0,23417,Virginia,False,200,https://www.psychologytoday.com/us/therapists?search=23417,
23418,2,34,0,23418,Virginia,False,200,https://www.psychologytoday.com/us/therapists?search=23418,
23420,0,39,0,23420,Virginia,False,200,https://www.psychologytoday.com/us/therapists?search=23420,
23421,2,32,0,23421,Virginia,False,200,https://www.psychologytoday.com/us/therapists?search=23421,
23422,0,40,0,23422,Virginia,False,200,https://www.psychologytoday.com/us/therapists?search=23422,
23423,0,37,0,23423,Virginia,False,200,https://www.psychologytoday.com/us/therapists?search=23423,
23426,0,33,0,23426,Virginia,False,200,https://www.psychologytoday.com/us/therapists?search=23426,
23427,1,32,0,23427,Virginia,False,200,https://www.psychologytoday.com/us/therapists?search=23427,
23430,32,0,0,23430,Virginia,False,200,https://www.psychologytoday.com/us/therapists?search=23430,
23432,25,0,0,23432,Virginia,False,200,https://www.psychologytoday.com/us/therapists?search=23432,
23433,8,3293,0,23433,Virginia,False,200,https://www.psychologytoday.com/us/therapists?search=23433,
23434,85,0,0,23434,Virginia,False,200,https://www.psychologytoday.com/us/therapists?search=23434,
23435,91,0,0,23435,Virginia,False,200,https://www.psychologytoday.com/us/therapists?search=23435,
23436,15,3284,0,23436,Virginia,False,200,https://www.psychologytoday.com/us/therapists?search=23436,
23437,1,511,0,23437,Virginia,False,200,https://www.psychologytoday.com/us/therapists?search=23437,
23438,2,1326,0,23438,Virginia,False,200,https://www.psychologytoday.com/us/therapists?search=23438,
23440,0,49,0,23440,Virginia,False,200,https://www.psychologytoday.com/us/therapists?search=23440,
23441,0,36,0,23441,Virginia,False,200,https://www.psychologytoday.com/us/therapists?search=23441,
23442,0,32,0,23442,Virginia,False,200,https://www.psychologytoday.com/us/therapists?search=23442,
23451,262,0,0,23451,Virginia,False,200,https://www.psychologytoday.com/us/therapists?search=23451,
23452,399,0,0,23452,Virginia,False,200,https://www.psychologytoday.com/us/therapists?search=23452,
23453,96,0,0,23453,Virginia,False,200,https://www.psychologytoday.com/us/therapists?search=23453,
23454,199,0,0,23454,Virginia,False,200,https://www.psychologytoday.com/us/therapists?search=23454,
23455,133,0,0,23455,Virginia,False,200,https://www.psychologytoday.com/us/therapists?search=23455,
23456,147,0,0,23456,Virginia,False,200,https://www.psychologytoday.com/us/therapists?search=23456,
23457,13,2534,0,23457,Virginia,False,200,https://www.psychologytoday.com/us/therapists?search=23457,
23459,2,3002,0,23459,Virginia,False,200,https://www.psychologytoday.com/us/therapists?search=23459,
23460,12,2824,0,23460,Virginia,False,200,https://www.psychologytoday.com/us/therapists?search=23460,
23461,5,2788,0,23461,Virginia,False,200,https://www.psychologytoday.com/us/therapists?search=23461,
23462,279,0,0,23462,Virginia,False,200,https://www.psychologytoday.com/us/therapists?search=23462,
23464,342,0,0,23464,Virginia,False,200,https://www.psychologytoday.com/us/therapists?search=23464,
23480,0,42,0,23480,Virginia,False,200,https://www.psychologytoday.com/us/therapists?search=23480,
23486,0,73,0,23486,Virginia,False,200,https://www.psychologytoday.com/us/therapists?search=23486,
23487,5,2161,0,23487,Virginia,False,200,https://www.psychologytoday.com/us/therapists?search=23487,
23488,0,32,0,23488,Virginia,False,200,https://www.psychologytoday.com/us/therapists?search=23488,
23502,140,0,0,23502,Virginia,False,200,https://www.psychologytoday.com/us/therapists?search=23502,
23503,65,0,0,23503,Virginia,False,200,https://www.psychologytoday.com/us/therapists?search=23503,
23504,43,0,0,23504,Virginia,False,200,https://www.psychologytoday.com/us/therapists?search=23504,
23505,42,0,0,23505,Virginia,False,200,https://www.psychologytoday.com/us/therapists?search=23505,
23507,50,0,0,23507,Virginia,False,200,https://www.psychologytoday.com/us/therapists?search=23507,
23508,69,0,0,23508,Virginia,False,200,https://www.psychologytoday.com/us/therapists?search=23508,
23509,14,3109,0,23509,Virginia,False,200,https://www.psychologytoday.com/us/therapists?search=23509,
23510,198,0,0,23510,Virginia,False,200,https://www.psychologytoday.com/us/therapists?search=23510,
23511,4,3165,0,23511,Virginia,False,200,https://www.psychologytoday.com/us/therapists?search=23511,
23513,48,0,0,23513,Virginia,False,200,https://www.psychologytoday.com/us/therapists?search=23513,
23517,75,0,0,23517,Virginia,False,200,https://www.psychologytoday.com/us/therapists?search=23517,
23518,50,0,0,23518,Virginia,False,200,https://www.psychologytoday.com/us/therapists?search=23518,
23523,12,3087,0,23523,Virginia,False,200,https://www.psychologytoday.com/us/therapists?search=23523,
23551,4,3095,0,23551,Virginia,False,200,https://www.psychologytoday.com/us/therapists?search=23551,
23601,77,0,0,23601,Virginia,False,200,https://www.psychologytoday.com/us/therapists?search=23601,
23602,82,0,0,23602,Virginia,False,200,https://www.psychologytoday.com/us/therapists?search=23602,
23603,11,1864,0,23603,Virginia,False,200,https://www.psychologytoday.com/us/therapists?search=23603,
23604,9,2182,0,23604,Virginia,False,200,https://www.psychologytoday.com/us/therapists?search=23604,
23605,20,0,0,23605,Virginia,False,200,https://www.psychologytoday.com/us/therapists?search=23605,
23606,228,0,0,23606,Virginia,False,200,https://www.psychologytoday.com/us/therapists?search=23606,
23607,18,3338,0,23607,Virginia,False,200,https://www.psychologytoday.com/us/therapists?search=23607,
23608,59,0,0,23608,Virginia,False,200,https://www.psychologytoday.com/us/therapists?search=23608,
23651,2,3324,0,23651,Virginia,False,200,https://www.psychologytoday.com/us/therapists?search=23651,
23661,23,0,0,23661,Virginia,False,200,https://www.psychologytoday.com/us/therapists?search=23661,
23662,11,3288,0,23662,Virginia,False,200,https://www.psychologytoday.com/us/therapists?search=23662,
23663,9,3326,0,23663,Virginia,False,200,https://www.psychologytoday.com/us/therapists?search=23663,
23664,5,3289,0,23664,Virginia,False,200,https://www.psychologytoday.com/us/therapists?search=23664,
23665,4,3299,0,23665,Virginia,False,200,https://www.psychologytoday.com/us/therapists?search=23665,
23666,182,0,0,23666,Virginia,False,200,https://www.psychologytoday.com/us/therapists?search=23666,
23667,6,3324,0,23667,Virginia,False,200,https://www.psychologytoday.com/us/therapists?search=23667,
23668,3,3334,0,23668,Virginia,False,200,https://www.psychologytoday.com/us/therapists?search=23668,
23669,72,0,0,23669,Virginia,False,200,https://www.psychologytoday.com/us/therapists?search=23669,
23681,1,3342,0,23681,Virginia,False,200,https://www.psychologytoday.com/us/therapists?search=23681,
23690,31,0,0,23690,Virginia,False,200,https://www.psychologytoday.com/us/therapists?search=23690,
23691,8,1413,0,23691,Virginia,False,200,https://www.psychologytoday.com/us/therapists?search=23691,
23692,41,0,0,23692,Virginia,False,200,https://www.psychologytoday.com/us/therapists?search=23692,
23693,57,0,0,23693,Virginia,False,200,https://www.psychologytoday.com/us/therapists?search=23693,
23696,1,2358,0,23696,Virginia,False,200,https://www.psychologytoday.com/us/therapists?search=23696,
23701,42,0,0,23701,Virginia,False,200,https://www.psychologytoday.com/us/therapists?search=23701,
23702,8,3091,0,23702,Virginia,False,200,https://www.psychologytoday.com/us/therapists?search=23702,
23703,45,0,0,23703,Virginia,False,200,https://www.psychologytoday.com/us/therapists?search=23703,
23704,53,0,0,23704,Virginia,False,200,https://www.psychologytoday.com/us/therapists?search=23704,
23707,17,3092,0,23707,Virginia,False,200,https://www.psychologytoday.com/us/therapists?search=23707,
23708,4,3097,0,23708,Virginia,False,200,https://www.psychologytoday.com/us/therapists?search=23708,
23709,0,3099,0,23709,Virginia,False,200,https://www.psychologytoday.com/us/therapists?search=23709,
23801,24,0,0,23801,Virginia,False,200,https://www.psychologytoday.com/us/therapists?search=23801,
23803,59,0,0,23803,Virginia,False,200,https://www.psychologytoday.com/us/therapists?search=23803,
23805,18,2807,0,23805,Virginia,False,200,https://www.psychologytoday.com/us/therapists?search=23805,
23821,0,42,0,23821,Virginia,False,200,https://www.psychologytoday.com/us/therapists?search=23821,
23824,1,239,0,23824,Virginia,False,200,https://www.psychologytoday.com/us/therapists?search=23824,
23827,0,37,0,23827,Virginia,False,200,https://www.psychologytoday.com/us/therapists?search=23827,
23828,2,30,0,23828,Virginia,False,200,https://www.psychologytoday.com/us/therapists?search=23828,
23829,0,38,0,23829,Virginia,False,200,https://www.psychologytoday.com/us/therapists?search=23829,
23830,0,695,0,23830,Virginia,False,200,https://www.psychologytoday.com/us/therapists?search=23830,
23831,72,0,0,23831,Virginia,False,200,https://www.psychologytoday.com/us/therapists?search=23831,
23832,165,0,0,23832,Virginia,False,200,https://www.psychologytoday.com/us/therapists?search=23832,
23833,2,2912,0,23833,Virginia,False,200,https://www.psychologytoday.com/us/therapists?search=23833,
23834,51,0,0,23834,Virginia,False,200,https://www.psychologytoday.com/us/therapists?search=23834,
23836,20,0,0,23836,Virginia,False,200,https://www.psychologytoday.com/us/therapists?search=23836,
23837,2,113,0,23837,Virginia,False,200,https://www.psychologytoday.com/us/therapists?search=23837,
23838,33,0,0,23838,Virginia,False,200,https://www.psychologytoday.com/us/therapists?search=23838,
23839,0,1227,0,23839,Virginia,False,200,https://www.psychologytoday.com/us/therapists?search=23839,
23840,0,817,0,23840,Virginia,False,200,https://www.psychologytoday.com/us/therapists?search=23840,
23841,1,1109,0,23841,Virginia,False,200,https://www.psychologytoday.com/us/therapists?search=23841,
23842,1,1992,0,23842,Virginia,False,200,https://www.psychologytoday.com/us/therapists?search=23842,
23843,0,40,0,23843,Virginia,False,200,https://www.psychologytoday.com/us/therapists?search=23843,
23844,0,36,0,23844,Virginia,False,200,https://www.psychologytoday.com/us/therapists?search=23844,
23845,0,29,0,23845,Virginia,False,200,https://www.psychologytoday.com/us/therapists?search=23845,
23846,0,1337,0,23846,Virginia,False,200,https://www.psychologytoday.com/us/therapists?search=23846,
23847,12,12,0,23847,Virginia,False,200,https://www.psychologytoday.com/us/therapists?search=23847,
23850,0,1320,0,23850,Virginia,False,200,https://www.psychologytoday.com/us/therapists?search=23850,
23851,14,226,0,23851,Virginia,False,200,https://www.psychologytoday.com/us/therapists?search=23851,
23856,0,39,0,23856,Virginia,False,200,https://www.psychologytoday.com/us/therapists?search=23856,
23857,0,32,0,23857,Virginia,False,200,https://www.psychologytoday.com/us/therapists?search=23857,
23860,28,0,0,23860,Virginia,False,200,https://www.psychologytoday.com/us/therapists?search=23860,
23866,3,1209,0,23866,Virginia,False,200,https://www.psychologytoday.com/us/therapists?search=23866,
23867,5,114,0,23867,Virginia,False,200,https://www.psychologytoday.com/us/therapists?search=23867,
23868,3,34,0,23868,Virginia,False,200,https://www.psychologytoday.com/us/therapists?search=23868,
23870,0,111,0,23870,Virginia,False,200,https://www.psychologytoday.com/us/therapists?search=23870,
23872,0,511,0,23872,Virginia,False,200,https://www.psychologytoday.com/us/therapists?search=23872,
23874,0,83,0,23874,Virginia,False,200,https://www.psychologytoday.com/us/therapists?search=23874,
23875,10,3118,0,23875,Virginia,False,200,https://www.psychologytoday.com/us/therapists?search=23875,
23876,0,161,0,23876,Virginia,False,200,https://www.psychologytoday.com/us/therapists?search=23876,
23878,0,193,0,23878,Virginia,False,200,https://www.psychologytoday.com/us/therapists?search=23878,
23879,0,23,0,23879,Virginia,False,200,https://www.psychologytoday.com/us/therapists?search=23879,
23881,0,1087,0,23881,Virginia,False,200,https://www.psychologytoday.com/us/therapists?search=23881,
23882,0,276,0,23882,Virginia,False,200,https://www.psychologytoday.com/us/therapists?search=23882,
23883,1,1334,0,23883,Virginia,False,200,https://www.psychologytoday.com/us/therapists?search=23883,
23884,1,207,0,23884,Virginia,False,200,https://www.psychologytoday.com/us/therapists?search=23884,
23885,1,2983,0,23885,Virginia,False,200,https://www.psychologytoday.com/us/therapists?search=23885,
23887,0,32,0,23887,Virginia,False,200,https://www.psychologytoday.com/us/therapists?search=23887,
23888,0,1040,0,23888,Virginia,False,200,https://www.psychologytoday.com/us/therapists?search=23888,
23889,0,100,0,23889,Virginia,False,200,https://www.psychologytoday.com/us/therapists?search=23889,
23890,0,649,0,23890,Virginia,False,200,https://www.psychologytoday.com/us/therapists?search=23890,
23891,0,695,0,23891,Virginia,False,200,https://www.psychologytoday.com/us/therapists?search=23891,
23893,0,33,0,23893,Virginia,False,200,https://www.psychologytoday.com/us/therapists?search=23893,
23894,0,983,0,23894,Virginia,False,200,https://www.psychologytoday.com/us/therapists?search=23894,
23897,0,157,0,23897,Virginia,False,200,https://www.psychologytoday.com/us/therapists?search=23897,
23898,0,1734,0,23898,Virginia,False,200,https://www.psychologytoday.com/us/therapists?search=23898,
23899,0,1146,0,23899,Virginia,False,200,https://www.psychologytoday.com/us/therapists?search=23899,
23901,41,0,0,23901,Virginia,False,200,https://www.psychologytoday.com/us/therapists?search=23901,
23909,1,97,0,23909,Virginia,False,200,https://www.psychologytoday.com/us/therapists?search=23909,
23915,1,28,0,23915,Virginia,False,200,https://www.psychologytoday.com/us/therapists?search=23915,
23917,3,27,0,23917,Virginia,False,200,https://www.psychologytoday.com/us/therapists?search=23917,
23919,1,21,0,23919,Virginia,False,200,https://www.psychologytoday.com/us/therapists?search=23919,
23920,0,34,0,23920,Virginia,False,200,https://www.psychologytoday.com/us/therapists?search=23920,
23921,1,196,0,23921,Virginia,False,200,https://www.psychologytoday.com/us/therapists?search=23921,
23922,0,110,0,23922,Virginia,False,200,https://www.psychologytoday.com/us/therapists?search=23922,
23923,2,88,0,23923,Virginia,False,200,https://www.psychologytoday.com/us/therapists?search=23923,
23924,1,41,0,23924,Virginia,False,200,https://www.psychologytoday.com/us/therapists?search=23924,
23927,1,35,0,23927,Virginia,False,200,https://www.psychologytoday.com/us/therapists?search=23927,
23930,1,238,0,23930,Virginia,False,200,https://www.psychologytoday.com/us/therapists?search=23930,
23934,0,92,0,23934,Virginia,False,200,https://www.psychologytoday.com/us/therapists?search=23934,
23936,3,133,0,23936,Virginia,False,200,https://www.psychologytoday.com/us/therapists?search=23936,
23937,1,82,0,23937,Virginia,False,200,https://www.psychologytoday.com/us/therapists?search=23937,
23938,0,38,0,23938,Virginia,False,200,https://www.psychologytoday.com/us/therapists?search=23938,
23942,3,81,0,23942,Virginia,False,200,https://www.psychologytoday.com/us/therapists?search=23942,
23943,0,101,0,23943,Virginia,False,200,https://www.psychologytoday.com/us/therapists?search=23943,
23944,2,50,0,23944,Virginia,False,200,https://www.psychologytoday.com/us/therapists?search=23944,
23947,0,73,0,23947,Virginia,False,200,https://www.psychologytoday.com/us/therapists?search=23947,
23950,0,27,0,23950,Virginia,False,200,https://www.psychologytoday.com/us/therapists?search=23950,
23952,0,69,0,23952,Virginia,False,200,https://www.psychologytoday.com/us/therapists?search=23952,
23954,1,89,0,23954,Virginia,False,200,https://www.psychologytoday.com/us/therapists?search=23954,
23955,0,221,0,23955,Virginia,False,200,https://www.psychologytoday.com/us/therapists?search=23955,
23958,0,224,0,23958,Virginia,False,200,https://www.psychologytoday.com/us/therapists?search=23958,
23959,0,282,0,23959,Virginia,False,200,https://www.psychologytoday.com/us/therapists?search=23959,
23960,2,83,0,23960,Virginia,False,200,https://www.psychologytoday.com/us/therapists?search=23960,
23962,1,80,0,23962,Virginia,False,200,https://www.psychologytoday.com/us/therapists?search=23962,
23963,2,426,0,23963,Virginia,False,200,https://www.psychologytoday.com/us/therapists?search=23963,
23964,0,41,0,23964,Virginia,False,200,https://www.psychologytoday.com/us/therapists?search=23964,
23966,0,110,0,23966,Virginia,False,200,https://www.psychologytoday.com/us/therapists?search=23966,
23967,0,77,0,23967,Virginia,False,200,https://www.psychologytoday.com/us/therapists?search=23967,
23968,0,41,0,23968,Virginia,False,200,https://www.psychologytoday.com/us/therapists?search=23968,
23970,11,15,0,23970,Virginia,False,200,https://www.psychologytoday.com/us/therapists?search=23970,
23974,1,88,0,23974,Virginia,False,200,https://www.psychologytoday.com/us/therapists?search=23974,
23976,0,43,0,23976,Virginia,False,200,https://www.psychologytoday.com/us/therapists?search=23976,
24011,17,740,0,24011,Virginia,False,200,https://www.psychologytoday.com/us/therapists?search=24011,
24012,45,0,0,24012,Virginia,False,200,https://www.psychologytoday.com/us/therapists?search=24012,
24013,12,744,0,24013,Virginia,False,200,https://www.psychologytoday.com/us/therapists?search=24013,
24014,47,0,0,24014,Virginia,False,200,https://www.psychologytoday.com/us/therapists?search=24014,
24015,67,0,0,24015,Virginia,False,200,https://www.psychologytoday.com/us/therapists?search=24015,
24016,51,0,0,24016,Virginia,False,200,https://www.psychologytoday.com/us/therapists?search=24016,
24017,31,0,0,24017,Virginia,False,200,https://www.psychologytoday.com/us/therapists?search=24017,
24018,162,0,0,24018,Virginia,False,200,https://www.psychologytoday.com/us/therapists?search=24018,
24019,50,0,0,24019,Virginia,False,200,https://www.psychologytoday.com/us/therapists?search=24019,
24020,7,724,0,24020,Virginia,False,200,https://www.psychologytoday.com/us/therapists?search=24020,
24022,3,754,0,24022,Virginia,False,200,https://www.psychologytoday.com/us/therapists?search=24022,
24053,2,53,0,24053,Virginia,False,200,https://www.psychologytoday.com/us/therapists?search=24053,
24054,3,108,0,24054,Virginia,False,200,https://www.psychologytoday.com/us/therapists?search=24054,
24055,2,109,0,24055,Virginia,False,200,https://www.psychologytoday.com/us/therapists?search=24055,
24058,1,384,0,24058,Virginia,False,200,https://www.psychologytoday.com/us/therapists?search=24058,
24059,3,753,0,24059,Virginia,False,200,https://www.psychologytoday.com/us/therapists?search=24059,
24060,180,0,0,24060,Virginia,False,200,https://www.psychologytoday.com/us/therapists?search=24060,
24061,33,0,0,24061,Virginia,False,200,https://www.psychologytoday.com/us/therapists?search=24061,
24064,7,614,0,24064,Virginia,False,200,https://www.psychologytoday.com/us/therapists?search=24064,
24065,6,761,0,24065,Virginia,False,200,https://www.psychologytoday.com/us/therapists?search=24065,
24066,0,792,0,24066,Virginia,False,200,https://www.psychologytoday.com/us/therapists?search=24066,
24067,1,783,0,24067,Virginia,False,200,https://www.psychologytoday.com/us/therapists?search=24067,
24069,2,83,0,24069,Virginia,False,200,https://www.psychologytoday.com/us/therapists?search=24069,
24070,4,744,0,24070,Virginia,False,200,https://www.psychologytoday.com/us/therapists?search=24070,
24072,2,754,0,24072,Virginia,False,200,https://www.psychologytoday.com/us/therapists?search=24072,
24073,106,0,0,24073,Virginia,False,200,https://www.psychologytoday.com/us/therapists?search=24073,
24076,1,54,0,24076,Virginia,False,200,https://www.psychologytoday.com/us/therapists?search=24076,
24077,1,648,0,24077,Virginia,False,200,https://www.psychologytoday.com/us/therapists?search=24077,
24078,5,129,0,24078,Virginia,False,200,https://www.psychologytoday.com/us/therapists?search=24078,
24079,2,778,0,24079,Virginia,False,200,https://www.psychologytoday.com/us/therapists?search=24079,
24082,0,95,0,24082,Virginia,False,200,https://www.psychologytoday.com/us/therapists?search=24082,
24083,9,633,0,24083,Virginia,False,200,https://www.psychologytoday.com/us/therapists?search=24083,
24084,10,333,0,24084,Virginia,False,200,https://www.psychologytoday.com/us/therapists?search=24084,
24085,1,460,0,24085,Virginia,False,200,https://www.psychologytoday.com/us/therapists?search=24085,
24086,1,319,0,24086,Virginia,False,200,https://www.psychologytoday.com/us/therapists?search=24086,
24087,11,742,0,24087,Virginia,False,200,https://www.psychologytoday.com/us/therapists?search=24087,
24088,1,699,0,24088,Virginia,False,200,https://www.psychologytoday.com/us/therapists?search=24088,
24089,2,105,0,24089,Virginia,False,200,https://www.psychologytoday.com/us/therapists?search=24089,
24090,0,575,0,24090,Virginia,False,200,https://www.psychologytoday.com/us/therapists?search=24090,
24091,20,0,0,24091,Virginia,False,200,https://www.psychologytoday.com/us/therapists?search=24091,
24092,0,602,0,24092,Virginia,False,200,https://www.psychologytoday.com/us/therapists?search=24092,
24093,0,307,0,24093,Virginia,False,200,https://www.psychologytoday.com/us/therapists?search=24093,
24095,2,776,0,24095,Virginia,False,200,https://www.psychologytoday.com/us/therapists?search=24095,
24101,3,576,0,24101,Virginia,False,200,https://www.psychologytoday.com/us/therapists?search=24101,
24102,2,475,0,24102,Virginia,False,200,https://www.psychologytoday.com/us/therapists?search=24102,
24104,0,834,0,24104,Virginia,False,200,https://www.psychologytoday.com/us/therapists?search=24104,
24105,0,351,0,24105,Virginia,False,200,https://www.psychologytoday.com/us/therapists?search=24105,
24112,36,0,0,24112,Virginia,False,200,https://www.psychologytoday.com/us/therapists?search=24112,
24120,2,229,0,24120,Virginia,False,200,https://www.psychologytoday.com/us/therapists?search=24120,
24121,8,781,0,24121,Virginia,False,200,https://www.psychologytoday.com/us/therapists?search=24121,
24122,0,801,0,24122,Virginia,False,200,https://www.psychologytoday.com/us/therapists?search=24122,
24124,3,319,0,24124,Virginia,False,200,https://www.psychologytoday.com/us/therapists?search=24124,
24127,2,709,0,24127,Virginia,False,200,https://www.psychologytoday.com/us/therapists?search=24127,
24128,3,542,0,24128,Virginia,False,200,https://www.psychologytoday.com/us/therapists?search=24128,
24129,1,336,0,24129,Virginia,False,200,https://www.psychologytoday.com/us/therapists?search=24129,
24131,0,670,0,24131,Virginia,False,200,https://www.psychologytoday.com/us/therapists?search=24131,
24132,1,329,0,24132,Virginia,False,200,https://www.psychologytoday.com/us/therapists?search=24132,
24133,0,98,0,24133,Virginia,False,200,https://www.psychologytoday.com/us/therapists?search=24133,
24134,2,313,0,24134,Virginia,False,200,https://www.psychologytoday.com/us/therapists?search=24134,
24136,4,313,0,24136,Virginia,False,200,https://www.psychologytoday.com/us/therapists?search=24136,
24137,0,517,0,24137,Virginia,False,200,https://www.psychologytoday.com/us/therapists?search=24137,
24138,1,747,0,24138,Virginia,False,200,https://www.psychologytoday.com/us/therapists?search=24138,
24139,0,309,0,24139,Virginia,False,200,https://www.psychologytoday.com/us/therapists?search=24139,
24141,66,0,0,24141,Virginia,False,200,https://www.psychologytoday.com/us/therapists?search=24141,
24142,6,441,0,24142,Virginia,False,200,https://www.psychologytoday.com/us/therapists?search=24142,
24147,4,305,0,24147,Virginia,False,200,https://www.psychologytoday.com/us/therapists?search=24147,
24148,0,108,0,24148,Virginia,False,200,https://www.psychologytoday.com/us/therapists?search=24148,
24149,4,529,0,24149,Virginia,False,200,https://www.psychologytoday.com/us/therapists?search=24149,
24150,2,309,0,24150,Virginia,False,200,https://www.psychologytoday.com/us/therapists?search=24150,
24151,23,0,0,24151,Virginia,False,200,https://www.psychologytoday.com/us/therapists?search=24151,
24153,87,0,0,24153,Virginia,False,200,https://www.psychologytoday.com/us/therapists?search=24153,
24161,0,573,0,24161,Virginia,False,200,https://www.psychologytoday.com/us/therapists?search=24161,
24162,3,752,0,24162,Virginia,False,200,https://www.psychologytoday.com/us/therapists?search=24162,
24165,0,92,0,24165,Virginia,False,200,https://www.psychologytoday.com/us/therapists?search=24165,
24167,1,326,0,24167,Virginia,False,200,https://www.psychologytoday.com/us/therapists?search=24167,
24168,0,114,0,24168,Virginia,False,200,https://www.psychologytoday.com/us/therapists?search=24168,
24171,5,77,0,24171,Virginia,False,200,https://www.psychologytoday.com/us/therapists?search=24171,
24174,2,868,0,24174,Virginia,False,200,https://www.psychologytoday.com/us/therapists?search=24174,
24175,3,570,0,24175,Virginia,False,200,https://www.psychologytoday.com/us/therapists?search=24175,
24176,0,587,0,24176,Virginia,False,200,https://www.psychologytoday.com/us/therapists?search=24176,
24179,26,0,0,24179,Virginia,False,200,https://www.psychologytoday.com/us/therapists?search=24179,
24184,7,599,0,24184,Virginia,False,200,https://www.psychologytoday.com/us/therapists?search=24184,
24185,2,276,0,24185,Virginia,False,200,https://www.psychologytoday.com/us/therapists?search=24185,
24201,37,0,0,24201,Virginia,False,200,https://www.psychologytoday.com/us/therapists?search=24201,
24202,8,102,0,24202,Virginia,False,200,https://www.psychologytoday.com/us/therapists?search=24202,
24210,65,0,0,24210,Virginia,False,200,https://www.psychologytoday.com/us/therapists?search=24210,
24211,14,101,0,24211,Virginia,False,200,https://www.psychologytoday.com/us/therapists?search=24211,
24216,0,27,0,24216,Virginia,False,200,https://www.psychologytoday.com/us/therapists?search=24216,
24217,0,89,0,24217,Virginia,False,200,https://www.psychologytoday.com/us/therapists?search=24217,
24219,3,25,0,24219,Virginia,False,200,https://www.psychologytoday.com/us/therapists?search=24219,
24220,0,35,0,24220,Virginia,False,200,https://www.psychologytoday.com/us/therapists?search=24220,
24221,0,14,6,24221,Virginia,False,200,https://www.psychologytoday.com/us/therapists?search=24221,
24224,0,125,0,24224,Virginia,False,200,https://www.psychologytoday.com/us/therapists?search=24224,
24225,1,125,0,24225,Virginia,False,200,https://www.psychologytoday.com/us/therapists?search=24225,
24226,0,34,0,24226,Virginia,False,200,https://www.psychologytoday.com/us/therapists?search=24226,
24228,5,28,0,24228,Virginia,False,200,https://www.psychologytoday.com/us/therapists?search=24228,
24230,2,71,0,24230,Virginia,False,200,https://www.psychologytoday.com/us/therapists?search=24230,
24236,1,115,0,24236,Virginia,False,200,https://www.psychologytoday.com/us/therapists?search=24236,
24237,0,122,0,24237,Virginia,False,200,https://www.psychologytoday.com/us/therapists?search=24237,
24239,0,104,0,24239,Virginia,False,200,https://www.psychologytoday.com/us/therapists?search=24239,
24243,1,20,0,24243,Virginia,False,200,https://www.psychologytoday.com/us/therapists?search=24243,
24244,0,21,0,24244,Virginia,False,200,https://www.psychologytoday.com/us/therapists?search=24244,
24245,1,106,0,24245,Virginia,False,200,https://www.psychologytoday.com/us/therapists?search=24245,
24246,0,28,0,24246,Virginia,False,200,https://www.psychologytoday.com/us/therapists?search=24246,
24248,1,4,15,24248,Virginia,False,200,https://www.psychologytoday.com/us/therapists?search=24248,
24250,0,72,0,24250,Virginia,False,200,https://www.psychologytoday.com/us/therapists?search=24250,
24251,2,64,0,24251,Virginia,False,200,https://www.psychologytoday.com/us/therapists?search=24251,
24256,1,31,0,24256,Virginia,False,200,https://www.psychologytoday.com/us/therapists?search=24256,
24258,0,116,0,24258,Virginia,False,200,https://www.psychologytoday.com/us/therapists?search=24258,
24260,1,114,0,24260,Virginia,False,200,https://www.psychologytoday.com/us/therapists?search=24260,
24263,2,10,8,24263,Virginia,False,200,https://www.psychologytoday.com/us/therapists?search=24263,
24265,0,21,0,24265,Virginia,False,200,https://www.psychologytoday.com/us/therapists?search=24265,
24266,6,119,0,24266,Virginia,False,200,https://www.psychologytoday.com/us/therapists?search=24266,
24269,0,35,0,24269,Virginia,False,200,https://www.psychologytoday.com/us/therapists?search=24269,
24270,1,118,0,24270,Virginia,False,200,https://www.psychologytoday.com/us/therapists?search=24270,
24271,0,121,0,24271,Virginia,False,200,https://www.psychologytoday.com/us/therapists?search=24271,
24272,0,103,0,24272,Virginia,False,200,https://www.psychologytoday.com/us/therapists?search=24272,
24273,2,31,0,24273,Virginia,False,200,https://www.psychologytoday.com/us/therapists?search=24273,
24277,2,19,0,24277,Virginia,False,200,https://www.psychologytoday.com/us/therapists?search=24277,
24279,1,25,0,24279,Virginia,False,200,https://www.psychologytoday.com/us/therapists?search=24279,
24280,0,122,0,24280,Virginia,False,200,https://www.psychologytoday.com/us/therapists?search=24280,
24281,0,6,14,24281,Virginia,False,200,https://www.psychologytoday.com/us/therapists?search=24281,
24282,0,21,0,24282,Virginia,False,200,https://www.psychologytoday.com/us/therapists?search=24282,
24283,0,124,0,24283,Virginia,False,200,https://www.psychologytoday.com/us/therapists?search=24283,
24290,0,77,0,24290,Virginia,False,200,https://www.psychologytoday.com/us/therapists?search=24290,
24292,0,98,0,24292,Virginia,False,200,https://www.psychologytoday.com/us/therapists?search=24292,
24293,11,22,0,24293,Virginia,False,200,https://www.psychologytoday.com/us/therapists?search=24293,
24301,9,343,0,24301,Virginia,False,200,https://www.psychologytoday.com/us/therapists?search=24301,
24311,0,68,0,24311,Virginia,False,200,https://www.psychologytoday.com/us/therapists?search=24311,
24312,0,133,0,24312,Virginia,False,200,https://www.psychologytoday.com/us/therapists?search=24312,
24313,0,223,0,24313,Virginia,False,200,https://www.psychologytoday.com/us/therapists?search=24313,
24314,0,73,0,24314,Virginia,False,200,https://www.psychologytoday.com/us/therapists?search=24314,
24315,1,128,0,24315,Virginia,False,200,https://www.psychologytoday.com/us/therapists?search=24315,
24316,0,116,0,24316,Virginia,False,200,https://www.psychologytoday.com/us/therapists?search=24316,
24317,1,52,0,24317,Virginia,False,200,https://www.psychologytoday.com/us/therapists?search=24317,
24318,0,62,0,24318,Virginia,False,200,https://www.psychologytoday.com/us/therapists?search=24318,
24319,4,111,0,24319,Virginia,False,200,https://www.psychologytoday.com/us/therapists?search=24319,
24322,0,67,0,24322,Virginia,False,200,https://www.psychologytoday.com/us/therapists?search=24322,
24323,1,82,0,24323,Virginia,False,200,https://www.psychologytoday.com/us/therapists?search=24323,
24324,0,351,0,24324,Virginia,False,200,https://www.psychologytoday.com/us/therapists?search=24324,
24325,0,242,0,24325,Virginia,False,200,https://www.psychologytoday.com/us/therapists?search=24325,
24326,0,61,0,24326,Virginia,False,200,https://www.psychologytoday.com/us/therapists?search=24326,
24327,0,124,0,24327,Virginia,False,200,https://www.psychologytoday.com/us/therapists?search=24327,
24328,0,73,0,24328,Virginia,False,200,https://www.psychologytoday.com/us/therapists?search=24328,
24330,0,55,0,24330,Virginia,False,200,https://www.psychologytoday.com/us/therapists?search=24330,
24333,22,0,0,24333,Virginia,False,200,https://www.psychologytoday.com/us/therapists?search=24333,
24340,3,127,0,24340,Virginia,False,200,https://www.psychologytoday.com/us/therapists?search=24340,
24343,6,138,0,24343,Virginia,False,200,https://www.psychologytoday.com/us/therapists?search=24343,
24347,0,353,0,24347,Virginia,False,200,https://www.psychologytoday.com/us/therapists?search=24347,
24348,2,58,0,24348,Virginia,False,200,https://www.psychologytoday.com/us/therapists?search=24348,
24350,1,64,0,24350,Virginia,False,200,https://www.psychologytoday.com/us/therapists?search=24350,
24351,0,43,0,24351,Virginia,False,200,https://www.psychologytoday.com/us/therapists?search=24351,
24352,0,157,0,24352,Virginia,False,200,https://www.psychologytoday.com/us/therapists?search=24352,
24354,17,100,0,24354,Virginia,False,200,https://www.psychologytoday.com/us/therapists?search=24354,
24360,4,132,0,24360,Virginia,False,200,https://www.psychologytoday.com/us/therapists?search=24360,
24361,1,115,0,24361,Virginia,False,200,https://www.psychologytoday.com/us/therapists?search=24361,
24363,2,60,0,24363,Virginia,False,200,https://www.psychologytoday.com/us/therapists?search=24363,
24366,0,65,0,24366,Virginia,False,200,https://www.psychologytoday.com/us/therapists?search=24366,
24368,4,73,0,24368,Virginia,False,200,https://www.psychologytoday.com/us/therapists?search=24368,
24370,0,114,0,24370,Virginia,False,200,https://www.psychologytoday.com/us/therapists?search=24370,
24374,0,75,0,24374,Virginia,False,200,https://www.psychologytoday.com/us/therapists?search=24374,
24375,0,75,0,24375,Virginia,False,200,https://www.psychologytoday.com/us/therapists?search=24375,
24377,0,119,0,24377,Virginia,False,200,https://www.psychologytoday.com/us/therapists?search=24377,
24378,1,89,0,24378,Virginia,False,200,https://www.psychologytoday.com/us/therapists?search=24378,
24380,4,341,0,24380,Virginia,False,200,https://www.psychologytoday.com/us/therapists?search=24380,
24381,0,121,0,24381,Virginia,False,200,https://www.psychologytoday.com/us/therapists?search=24381,
24382,16,75,0,24382,Virginia,False,200,https://www.psychologytoday.com/us/therapists?search=24382,
24401,116,0,0,24401,Virginia,False,200,https://www.psychologytoday.com/us/therapists?search=24401,
24411,0,228,0,24411,Virginia,False,200,https://www.psychologytoday.com/us/therapists?search=24411,
24412,0,43,0,24412,Virginia,False,200,https://www.psychologytoday.com/us/therapists?search=24412,
24413,0,3,17,24413,Virginia,False,200,https://www.psychologytoday.com/us/therapists?search=24413,
24415,0,216,0,24415,Virginia,False,200,https://www.psychologytoday.com/us/therapists?search=24415,
24416,9,433,0,24416,Virginia,False,200,https://www.psychologytoday.com/us/therapists?search=24416,
24421,1,482,0,24421,Virginia,False,200,https://www.psychologytoday.com/us/therapists?search=24421,
24422,1,54,0,24422,Virginia,False,200,https://www.psychologytoday.com/us/therapists?search=24422,
24426,2,52,0,24426,Virginia,False,200,https://www.psychologytoday.com/us/therapists?search=24426,
24430,0,223,0,24430,Virginia,False,200,https://www.psychologytoday.com/us/therapists?search=24430,
24431,2,1183,0,24431,Virginia,False,200,https://www.psychologytoday.com/us/therapists?search=24431,
24432,0,213,0,24432,Virginia,False,200,https://www.psychologytoday.com/us/therapists?search=24432,
24433,0,143,0,24433,Virginia,False,200,https://www.psychologytoday.com/us/therapists?search=24433,
24435,2,220,0,24435,Virginia,False,200,https://www.psychologytoday.com/us/therapists?search=24435,
24437,0,1180,0,24437,Virginia,False,200,https://www.psychologytoday.com/us/therapists?search=24437,
24439,0,165,0,24439,Virginia,False,200,https://www.psychologytoday.com/us/therapists?search=24439,
24440,1,312,0,24440,Virginia,False,200,https://www.psychologytoday.com/us/therapists?search=24440,
24441,0,1191,0,24441,Virginia,False,200,https://www.psychologytoday.com/us/therapists?search=24441,
24442,0,156,0,24442,Virginia,False,200,https://www.psychologytoday.com/us/therapists?search=24442,
24445,0,43,0,24445,Virginia,False,200,https://www.psychologytoday.com/us/therapists?search=24445,
24448,0,61,0,24448,Virginia,False,200,https://www.psychologytoday.com/us/therapists?search=24448,
24450,36,0,0,24450,Virginia,False,200,https://www.psychologytoday.com/us/therapists?search=24450,
24457,1,56,0,24457,Virginia,False,200,https://www.psychologytoday.com/us/therapists?search=24457,
24458,0,141,0,24458,Virginia,False,200,https://www.psychologytoday.com/us/therapists?search=24458,
24459,0,211,0,24459,Virginia,False,200,https://www.psychologytoday.com/us/therapists?search=24459,
24460,0,56,0,24460,Virginia,False,200,https://www.psychologytoday.com/us/therapists?search=24460,
24464,0,394,0,24464,Virginia,False,200,https://www.psychologytoday.com/us/therapists?search=24464,
24465,2,14,4,24465,Virginia,False,200,https://www.psychologytoday.com/us/therapists?search=24465,
24467,0,854,0,24467,Virginia,False,200,https://www.psychologytoday.com/us/therapists?search=24467,
24469,0,1184,0,24469,Virginia,False,200,https://www.psychologytoday.com/us/therapists?search=24469,
24471,2,1190,0,24471,Virginia,False,200,https://www.psychologytoday.com/us/therapists?search=24471,
24472,0,283,0,24472,Virginia,False,200,https://www.psychologytoday.com/us/therapists?search=24472,
24473,0,211,0,24473,Virginia,False,200,https://www.psychologytoday.com/us/therapists?search=24473,
24474,0,57,0,24474,Virginia,False,200,https://www.psychologytoday.com/us/therapists?search=24474,
24476,0,286,0,24476,Virginia,False,200,https://www.psychologytoday.com/us/therapists?search=24476,
24477,3,847,0,24477,Virginia,False,200,https://www.psychologytoday.com/us/therapists?search=24477,
24479,0,501,0,24479,Virginia,False,200,https://www.psychologytoday.com/us/therapists?search=24479,
24482,3,765,0,24482,Virginia,False,200,https://www.psychologytoday.com/us/therapists?search=24482,
24483,0,342,0,24483,Virginia,False,200,https://www.psychologytoday.com/us/therapists?search=24483,
24484,0,43,0,24484,Virginia,False,200,https://www.psychologytoday.com/us/therapists?search=24484,
24485,0,406,0,24485,Virginia,False,200,https://www.psychologytoday.com/us/therapists?search=24485,
24486,3,1080,0,24486,Virginia,False,200,https://www.psychologytoday.com/us/therapists?search=24486,
24487,1,53,0,24487,Virginia,False,200,https://www.psychologytoday.com/us/therapists?search=24487,
24501,104,0,0,24501,Virginia,False,200,https://www.psychologytoday.com/us/therapists?search=24501,
24502,179,0,0,24502,Virginia,False,200,https://www.psychologytoday.com/us/therapists?search=24502,
24503,65,0,0,24503,Virginia,False,200,https://www.psychologytoday.com/us/therapists?search=24503,
24504,41,0,0,24504,Virginia,False,200,https://www.psychologytoday.com/us/therapists?search=24504,
24515,11,420,0,24515,Virginia,False,200,https://www.psychologytoday.com/us/therapists?search=24515,
24517,3,427,0,24517,Virginia,False,200,https://www.psychologytoday.com/us/therapists?search=24517,
24520,2,62,0,24520,Virginia,False,200,https://www.psychologytoday.com/us/therapists?search=24520,
24521,7,443,0,24521,Virginia,False,200,https://www.psychologytoday.com/us/therapists?search=24521,
24522,11,423,0,24522,Virginia,False,200,https://www.psychologytoday.com/us/therapists?search=24522,
24523,39,0,0,24523,Virginia,False,200,https://www.psychologytoday.com/us/therapists?search=24523,
24526,0,457,0,24526,Virginia,False,200,https://www.psychologytoday.com/us/therapists?search=24526,
24527,0,94,0,24527,Virginia,False,200,https://www.psychologytoday.com/us/therapists?search=24527,
24528,1,416,0,24528,Virginia,False,200,https://www.psychologytoday.com/us/therapists?search=24528,
24529,1,35,0,24529,Virginia,False,200,https://www.psychologytoday.com/us/therapists?search=24529,
24530,0,121,0,24530,Virginia,False,200,https://www.psychologytoday.com/us/therapists?search=24530,
24531,5,120,0,24531,Virginia,False,200,https://www.psychologytoday.com/us/therapists?search=24531,
24534,1,32,0,24534,Virginia,False,200,https://www.psychologytoday.com/us/therapists?search=24534,
24536,0,458,0,24536,Virginia,False,200,https://www.psychologytoday.com/us/therapists?search=24536,
24538,10,401,0,24538,Virginia,False,200,https://www.psychologytoday.com/us/therapists?search=24538,
24539,0,65,0,24539,Virginia,False,200,https://www.psychologytoday.com/us/therapists?search=24539,
24540,26,0,0,24540,Virginia,False,200,https://www.psychologytoday.com/us/therapists?search=24540,
24541,17,71,0,24541,Virginia,False,200,https://www.psychologytoday.com/us/therapists?search=24541,
24549,0,116,0,24549,Virginia,False,200,https://www.psychologytoday.com/us/therapists?search=24549,
24550,3,420,0,24550,Virginia,False,200,https://www.psychologytoday.com/us/therapists?search=24550,
24551,103,0,0,24551,Virginia,False,200,https://www.psychologytoday.com/us/therapists?search=24551,
24553,0,434,0,24553,Virginia,False,200,https://www.psychologytoday.com/us/therapists?search=24553,
24554,2,425,0,24554,Virginia,False,200,https://www.psychologytoday.com/us/therapists?search=24554,
24555,0,456,0,24555,Virginia,False,200,https://www.psychologytoday.com/us/therapists?search=24555,
24556,3,481,0,24556,Virginia,False,200,https://www.psychologytoday.com/us/therapists?search=24556,
24557,2,347,0,24557,Virginia,False,200,https://www.psychologytoday.com/us/therapists?search=24557,
24558,3,60,0,24558,Virginia,False,200,https://www.psychologytoday.com/us/therapists?search=24558,
24562,0,965,0,24562,Virginia,False,200,https://www.psychologytoday.com/us/therapists?search=24562,
24563,2,428,0,24563,Virginia,False,200,https://www.psychologytoday.com/us/therapists?search=24563,
24565,0,81,0,24565,Virginia,False,200,https://www.psychologytoday.com/us/therapists?search=24565,
24566,0,73,0,24566,Virginia,False,200,https://www.psychologytoday.com/us/therapists?search=24566,
24569,0,434,0,24569,Virginia,False,200,https://www.psychologytoday.com/us/therapists?search=24569,
24570,0,799,0,24570,Virginia,False,200,https://www.psychologytoday.com/us/therapists?search=24570,
24571,0,444,0,24571,Virginia,False,200,https://www.psychologytoday.com/us/therapists?search=24571,
24572,16,424,0,24572,Virginia,False,200,https://www.psychologytoday.com/us/therapists?search=24572,
24574,2,448,0,24574,Virginia,False,200,https://www.psychologytoday.com/us/therapists?search=24574,
24577,0,76,0,24577,Virginia,False,200,https://www.psychologytoday.com/us/therapists?search=24577,
24578,1,458,0,24578,Virginia,False,200,https://www.psychologytoday.com/us/therapists?search=24578,
24579,0,493,0,24579,Virginia,False,200,https://www.psychologytoday.com/us/therapists?search=24579,
24580,1,26,0,24580,Virginia,False,200,https://www.psychologytoday.com/us/therapists?search=24580,
24581,1,319,0,24581,Virginia,False,200,https://www.psychologytoday.com/us/therapists?search=24581,
24586,1,65,0,24586,Virginia,False,200,https://www.psychologytoday.com/us/therapists?search=24586,
24588,7,413,0,24588,Virginia,False,200,https://www.psychologytoday.com/us/therapists?search=24588,
24589,1,31,0,24589,Virginia,False,200,https://www.psychologytoday.com/us/therapists?search=24589,
24590,8,941,0,24590,Virginia,False,200,https://www.psychologytoday.com/us/therapists?search=24590,
24592,13,53,0,24592,Virginia,False,200,https://www.psychologytoday.com/us/therapists?search=24592,
24593,2,432,0,24593,Virginia,False,200,https://www.psychologytoday.com/us/therapists?search=24593,
24594,0,65,0,24594,Virginia,False,200,https://www.psychologytoday.com/us/therapists?search=24594,
24595,0,453,0,24595,Virginia,False,200,https://www.psychologytoday.com/us/therapists?search=24595,
24597,0,71,0,24597,Virginia,False,200,https://www.psychologytoday.com/us/therapists?search=24597,
24598,0,28,0,24598,Virginia,False,200,https://www.psychologytoday.com/us/therapists?search=24598,
24599,0,374,0,24599,Virginia,False,200,https://www.psychologytoday.com/us/therapists?search=24599,
24601,1,46,0,24601,Virginia,False,200,https://www.psychologytoday.com/us/therapists?search=24601,
24602,0,47,0,24602,Virginia,False,200,https://www.psychologytoday.com/us/therapists?search=24602,
24603,0,17,3,24603,Virginia,False,200,https://www.psychologytoday.com/us/therapists?search=24603,
24604,0,41,0,24604,Virginia,False,200,https://www.psychologytoday.com/us/therapists?search=24604,
24605,6,33,0,24605,Virginia,False,200,https://www.psychologytoday.com/us/therapists?search=24605,
24606,0,39,0,24606,Virginia,False,200,https://www.psychologytoday.com/us/therapists?search=24606,
24607,0,30,0,24607,Virginia,False,200,https://www.psychologytoday.com/us/therapists?search=24607,
24609,1,94,0,24609,Virginia,False,200,https://www.psychologytoday.com/us/therapists?search=24609,
24612,0,100,0,24612,Virginia,False,200,https://www.psychologytoday.com/us/therapists?search=24612,
24613,0,41,0,24613,Virginia,False,200,https://www.psychologytoday.com/us/therapists?search=24613,
24614,2,18,0,24614,Virginia,False,200,https://www.psychologytoday.com/us/therapists?search=24614,
24620,0,11,9,24620,Virginia,False,200,https://www.psychologytoday.com/us/therapists?search=24620,
24622,0,31,0,24622,Virginia,False,200,https://www.psychologytoday.com/us/therapists?search=24622,
24630,1,56,0,24630,Virginia,False,200,https://www.psychologytoday.com/us/therapists?search=24630,
24631,0,32,0,24631,Virginia,False,200,https://www.psychologytoday.com/us/therapists?search=24631,
24634,0,19,1,24634,Virginia,False,200,https://www.psychologytoday.com/us/therapists?search=24634,
24635,0,39,0,24635,Virginia,False,200,https://www.psychologytoday.com/us/therapists?search=24635,
24637,1,99,0,24637,Virginia,False,200,https://www.psychologytoday.com/us/therapists?search=24637,
24639,1,47,0,24639,Virginia,False,200,https://www.psychologytoday.com/us/therapists?search=24639,
24641,0,104,0,24641,Virginia,False,200,https://www.psychologytoday.com/us/therapists?search=24641,
24646,0,82,0,24646,Virginia,False,200,https://www.psychologytoday.com/us/therapists?search=24646,
24649,0,106,0,24649,Virginia,False,200,https://www.psychologytoday.com/us/therapists?search=24649,
24651,9,49,0,24651,Virginia,False,200,https://www.psychologytoday.com/us/therapists?search=24651,
24656,0,34,0,24656,Virginia,False,200,https://www.psychologytoday.com/us/therapists?search=24656,
24657,0,23,0,24657,Virginia,False,200,https://www.psychologytoday.com/us/therapists?search=24657,
22364,,,,,,False,404,https://www.psychologytoday.com/us/therapists?search=22364,Request error: 404 Client Error: Not Found for url: https://www.psychologytoday.com/us/therapists?search=22364
22365,,,,,,False,404,https://www.psychologytoday.com/us/therapists?search=22365,Request error: 404 Client Error: Not Found for url: https://www.psychologytoday.com/us/therapists?search=22365
22366,,,,,,False,404,https://www.psychologytoday.com/us/therapists?search=22366,Request error: 404 Client Error: Not Found for url: https://www.psychologytoday.com/us/therapists?search=22366
22367,,,,,,False,404,https://www.psychologytoday.com/us/therapists?search=22367,Request error: 404 Client Error: Not Found for url: https://www.psychologytoday.com/us/therapists?search=22367
22368,,,,,,False,404,https://www.psychologytoday.com/us/therapists?search=22368,Request error: 404 Client Error: Not Found for url: https://www.psychologytoday.com/us/therapists?search=22368
22369,,,,,,False,404,https://www.psychologytoday.com/us/therapists?search=22369,Request error: 404 Client Error: Not Found for url: https://www.psychologytoday.com/us/therapists?search=22369
22370,,,,,,False,404,https://www.psychologytoday.com/us/therapists?search=22370,Request error: 404 Client Error: Not Found for url: https://www.psychologytoday.com/us/therapists?search=22370
22371,,,,,,False,404,https://www.psychologytoday.com/us/therapists?search=22371,Request error: 404 Client Error: Not Found for url: https://www.psychologytoday.com/us/therapists?search=22371
22372,,,,,,False,404,https://www.psychologytoday.com/us/therapists?search=22372,Request error: 404 Client Error: Not Found for url: https://www.psychologytoday.com/us/therapists?search=22372
